-- phpMyAdmin SQL Dump
-- version 5.1.1
-- https://www.phpmyadmin.net/
--
-- Host: 127.0.0.1:3306
-- Generation Time: Sep 06, 2023 at 04:13 PM
-- Server version: 8.0.27
-- PHP Version: 8.0.13

SET SQL_MODE = "NO_AUTO_VALUE_ON_ZERO";
START TRANSACTION;
SET time_zone = "+00:00";


/*!40101 SET @OLD_CHARACTER_SET_CLIENT=@@CHARACTER_SET_CLIENT */;
/*!40101 SET @OLD_CHARACTER_SET_RESULTS=@@CHARACTER_SET_RESULTS */;
/*!40101 SET @OLD_COLLATION_CONNECTION=@@COLLATION_CONNECTION */;
/*!40101 SET NAMES utf8mb4 */;

--
-- Database: `collegeapi`
--

-- --------------------------------------------------------

--
-- Table structure for table `att`
--

DROP TABLE IF EXISTS `att`;
CREATE TABLE IF NOT EXISTS `att` (
  `id` int NOT NULL AUTO_INCREMENT,
  `classid` int NOT NULL,
  `tid` int NOT NULL,
  `lessonid` int NOT NULL,
  `ognoo` date NOT NULL,
  `cagid` int NOT NULL,
  `irc` json NOT NULL,
  `emoj` json DEFAULT NULL,
  `bich` datetime NOT NULL,
  `sedev` text COLLATE utf8_unicode_ci NOT NULL,
  PRIMARY KEY (`id`)
) ENGINE=MyISAM AUTO_INCREMENT=2 DEFAULT CHARSET=utf8mb3 COLLATE=utf8_unicode_ci;

--
-- Dumping data for table `att`
--

INSERT INTO `att` (`id`, `classid`, `tid`, `lessonid`, `ognoo`, `cagid`, `irc`, `emoj`, `bich`, `sedev`) VALUES
(1, 5, 1, 1, '2023-09-06', 1, '[{\"id\": \"438\", \"val\": \"1\"}, {\"id\": \"439\", \"val\": \"1\"}, {\"id\": \"440\", \"val\": \"1\"}, {\"id\": \"441\", \"val\": \"1\"}, {\"id\": \"442\", \"val\": \"1\"}, {\"id\": \"443\", \"val\": \"1\"}, {\"id\": \"444\", \"val\": \"1\"}, {\"id\": \"445\", \"val\": \"1\"}, {\"id\": \"446\", \"val\": \"1\"}, {\"id\": \"447\", \"val\": \"1\"}, {\"id\": \"448\", \"val\": \"1\"}, {\"id\": \"449\", \"val\": \"1\"}, {\"id\": \"450\", \"val\": \"1\"}, {\"id\": \"451\", \"val\": \"1\"}, {\"id\": \"452\", \"val\": \"1\"}, {\"id\": \"453\", \"val\": \"1\"}, {\"id\": \"454\", \"val\": \"1\"}, {\"id\": \"455\", \"val\": \"1\"}, {\"id\": \"456\", \"val\": \"1\"}, {\"id\": \"457\", \"val\": \"1\"}, {\"id\": \"458\", \"val\": \"1\"}, {\"id\": \"459\", \"val\": \"1\"}, {\"id\": \"460\", \"val\": \"1\"}, {\"id\": \"461\", \"val\": \"1\"}, {\"id\": \"462\", \"val\": \"1\"}, {\"id\": \"463\", \"val\": \"1\"}, {\"id\": \"464\", \"val\": \"1\"}, {\"id\": \"465\", \"val\": \"3\"}, {\"id\": \"466\", \"val\": \"2\"}, {\"id\": \"467\", \"val\": \"2\"}]', NULL, '2023-09-06 23:36:18', '');

-- --------------------------------------------------------

--
-- Table structure for table `cag`
--

DROP TABLE IF EXISTS `cag`;
CREATE TABLE IF NOT EXISTS `cag` (
  `id` int NOT NULL AUTO_INCREMENT,
  `name` varchar(10) COLLATE utf8_unicode_ci NOT NULL,
  `inter` varchar(15) COLLATE utf8_unicode_ci NOT NULL,
  PRIMARY KEY (`id`)
) ENGINE=MyISAM AUTO_INCREMENT=9 DEFAULT CHARSET=utf8mb3 COLLATE=utf8_unicode_ci;

--
-- Dumping data for table `cag`
--

INSERT INTO `cag` (`id`, `name`, `inter`) VALUES
(1, '1-р цаг', '08:00-09:20'),
(2, '2-р цаг', '09:25-10:45'),
(3, '3-р цаг', '10:50-12:10'),
(4, '4-р цаг', '12:15-13:35'),
(5, '5-р цаг', '14:00-15:20'),
(6, '6-р цаг', '15:25-16:45'),
(7, '7-р цаг', '16:50-18:10'),
(8, '8-р цаг', '18:15-19:35');

-- --------------------------------------------------------

--
-- Table structure for table `class`
--

DROP TABLE IF EXISTS `class`;
CREATE TABLE IF NOT EXISTS `class` (
  `id` int NOT NULL AUTO_INCREMENT,
  `name` varchar(100) CHARACTER SET utf8 COLLATE utf8_unicode_ci NOT NULL,
  `hugacaa` double NOT NULL,
  `tuluv` int NOT NULL,
  `teacherid` int NOT NULL,
  PRIMARY KEY (`id`)
) ENGINE=MyISAM AUTO_INCREMENT=32 DEFAULT CHARSET=utf8mb3 COLLATE=utf8_unicode_ci;

--
-- Dumping data for table `class`
--

INSERT INTO `class` (`id`, `name`, `hugacaa`, `tuluv`, `teacherid`) VALUES
(1, '1-1 Барилгын цахилгаанчин', 3, 1, 1),
(3, '1-2 Барилгын засал чимэглэлчин', 3, 1, 3),
(4, '1-3 Барилгын өрөг угсрагч', 3, 1, 4),
(5, '1-4 Автомашины засварчин', 2.5, 1, 3),
(6, '1-5 Хүнд машин механизмын засварчин', 3, 1, 5),
(7, '1-6 Хүнд машин механизмын засварчин', 3, 1, 4),
(8, '1-7 Тогооч', 3, 1, 3),
(9, '1-8 Оёмол бүтээгдэхүүний оёдолчин', 2.5, 1, 0),
(10, '1-9 Компьютерын оператор', 2.5, 1, 0),
(11, '1-10 Хэвлэлийн график дизайнч ', 2.5, 1, 0),
(12, '2-1 Нарийн бичгийн дарга-Албан хэргийн ажилтан', 2.5, 1, 0),
(13, '2-2 Хэвлэлийн график дизайнч', 2.5, 1, 0),
(14, '2-3 Тогооч', 2.5, 1, 0),
(15, '2-4 Оёмол бүтээгдэхүүний оёдолчин', 2.5, 1, 0),
(16, '2-5 Барилгын цахилгаанчин', 2.5, 1, 0),
(17, '2-6 Хүнд машин, механизмын засварчин', 2.5, 1, 3),
(18, '2-7 Уул уурхайн машин, тоног төхөөрөмжийн механик', 2.5, 1, 0),
(19, '2-8 Барилгын засал чимэглэлчин', 2.5, 1, 0),
(20, '2-9 Барилгын сантехникч', 2.5, 1, 0),
(21, '3-1 Хэвлэлийн график дизайнч', 2.5, 1, 0),
(22, '3-2 Компьютерийн оператор', 2.5, 1, 0),
(23, '3-3 Тогооч', 2.5, 1, 1),
(24, '3-4 Оёмол бүтээгдэхүүний оёдолчин', 2.5, 1, 0),
(25, '3-5 Барилгын засал-чимэглэлчин', 2.5, 1, 0),
(26, '3-6 Барилгын цахилгаанчин', 2.5, 1, 0),
(27, '3-7 Барилгын сантехникч', 2.5, 1, 0),
(28, '3-8 Хүнд машин механизмын засварчин', 2.5, 1, 0),
(29, '3-9 Хүнд машин механизмийн засварчин', 2.5, 1, 0),
(30, '3-10 Автомашины засварчин', 2.5, 1, 0);

-- --------------------------------------------------------

--
-- Table structure for table `students`
--

DROP TABLE IF EXISTS `students`;
CREATE TABLE IF NOT EXISTS `students` (
  `id` int NOT NULL AUTO_INCREMENT,
  `code` varchar(10) CHARACTER SET utf8 COLLATE utf8_unicode_ci DEFAULT NULL,
  `fname` varchar(50) CHARACTER SET utf8 COLLATE utf8_unicode_ci NOT NULL,
  `lname` varchar(50) CHARACTER SET utf8 COLLATE utf8_unicode_ci NOT NULL,
  `gender` varchar(10) CHARACTER SET utf8 COLLATE utf8_unicode_ci NOT NULL,
  `phone` varchar(20) CHARACTER SET utf8 COLLATE utf8_unicode_ci NOT NULL,
  `class` int NOT NULL,
  `pass` varchar(50) CHARACTER SET utf8 COLLATE utf8_unicode_ci DEFAULT NULL,
  `tuluv` int NOT NULL,
  PRIMARY KEY (`id`)
) ENGINE=MyISAM AUTO_INCREMENT=689 DEFAULT CHARSET=utf8mb3 COLLATE=utf8_unicode_ci;

--
-- Dumping data for table `students`
--

INSERT INTO `students` (`id`, `code`, `fname`, `lname`, `gender`, `phone`, `class`, `pass`, `tuluv`) VALUES
(3, 'ЙЖ05291200', 'Ганчимэг', 'Манал', 'Эрэгтэй', '89957858', 12, '89957858', 1),
(4, 'ЙЖ05291205', 'Батцэрэн', 'Эрдэмчимэг', 'Эмэгтэй', '98937075', 12, '', 1),
(5, 'ЙЖ05272705', 'Нацагдорж', 'Хонгорзул', 'Эмэгтэй', '88687582', 12, '', 1),
(6, 'ЙЖ05251109', 'Лхагвабат', 'Цэмшинэдүү', 'Эмэгтэй', '88947692', 12, '', 1),
(7, 'ЙИ05311707', 'Буяннэмэх', 'Пүрэвдолгор', 'Эмэгтэй', '90421117', 12, '', 1),
(8, 'ЙЮ05311508', 'Амарзул', 'Хонгорзул', 'Эмэгтэй', '99323615', 12, '', 1),
(9, 'ЙЮ05240807', 'Баярсайхан', 'Түвшинсайхан', 'Эмэгтэй', '90288086', 12, '', 1),
(10, 'ЙО05252201', 'Бямбасүрэн', 'Үүрцайх', 'Эмэгтэй', '89668831', 12, '', 1),
(11, 'ЙЛ05252901', 'Чинболд', 'Баярмаа', 'Эмэгтэй', '80264500', 12, '', 1),
(12, 'ЙО05271400', 'Шийлэгдорж', 'Саранзаяа', 'Эмэгтэй', '95981584', 12, '', 1),
(13, 'ЙВ05313000', 'Бямбатогтох', 'Мөнхзаяа', 'Эмэгтэй', '99415639', 12, '', 1),
(14, 'ЙА05250303', 'Шийлэгпүрэв', 'Ангарагсүрэн', 'Эмэгтэй', '95533541', 12, '', 1),
(15, 'ЗЛ05240101', 'Самбууёндон', 'Бумдаш', 'Эмэгтэй', '80873096', 12, '', 1),
(16, 'ЙЮ03272645', 'Наранцэцэг', 'Батчимэг', 'Эмэгтэй', '85307238', 12, '', 1),
(17, 'ЙЮ04282602', 'Жаргалсайхан', 'Нанжидмаа', 'Эмэгтэй', '89664755', 12, '', 1),
(18, 'ЙМ02252206', 'Хоондой', 'Отгончимэг', 'Эмэгтэй', '88746859', 12, '', 1),
(19, 'ЙП02271904', 'Батмөнх', 'Наранханд', 'Эмэгтэй', '96299219', 12, '', 1),
(20, 'ЙЮ04322024', 'Эрдэнэбуян', 'Сүнжидмаа', 'Эмэгтэй', '80911209', 12, '', 1),
(21, 'ЙИ02321104', 'Батчулуун', 'Лхам-янжин', 'Эмэгтэй', '90951211', 12, '', 1),
(22, 'ЙЮ03251522', 'Нэмэхжаргал', 'Пүрэвсүрэн', 'Эмэгтэй', '89133779', 12, '', 1),
(23, 'ЙЮ05321408', 'Пүрэвдорж', 'Буяннэмэх', 'Эмэгтэй', '86846446', 12, '', 1),
(24, 'ЙО04243000', 'Эрдэнэчимэг', 'Хоролням', 'Эмэгтэй', '95633624', 12, '', 1),
(25, 'ЙМ03282300', 'Борхүү', 'Энхзул', 'Эмэгтэй', '99817953', 12, '', 1),
(26, 'ЙЖ97031901', 'Даваадорж', 'Хонгорзул', 'Эмэгтэй', '89991858', 12, '', 1),
(27, 'ЙЮ05320809', 'Болдбаатар', 'Мөнхцэцэг', 'Эмэгтэй', '99792174', 12, '', 1),
(28, 'йо05301201', 'баясгалантогоо', 'лхагвадаш', 'Эмэгтэй', '90820932', 13, '', 1),
(29, 'ЙИ05300401', 'Бямбацэрэн', 'Ангирмаа', 'Эмэгтэй', '80318689', 13, '', 1),
(30, 'ЙО05210905', 'Нэргүй', 'Баасансүрэн', 'Эмэгтэй', '88309452', 13, '', 1),
(31, 'ЙЮ05310613', 'Буяндүүрэн', 'Буяноргил', 'Эрэгтэй', '96403536', 13, '', 1),
(32, 'ЙВ05272905', 'Баянхангай', 'Буянхишиг', 'Эмэгтэй', '88592271', 13, '', 1),
(33, 'ЙО05261802', 'Дорждэрэм', 'Бямбадолгор', 'Эмэгтэй', '89572021', 13, '', 1),
(34, 'ЙЛ04292926', 'Рагчаа', 'Даариймаа', 'Эмэгтэй', '80736345', 13, '', 1),
(35, 'ЙЗ04311511', 'Цэдэнсодном', 'Золбаяр', 'Эрэгтэй', '88324458', 13, '', 1),
(36, 'ЙЮ05282939', 'Дэмбэрэлжанцан', 'Маналсүрэн', 'Эрэгтэй', '96903330', 13, '', 1),
(37, 'ЙО05292711', 'Очирбат', 'Мөнхбаяр', 'Эрэгтэй', '95359514', 13, '', 1),
(38, 'ЙО05312002', 'Даваадорж', 'Нямсүрэн', 'Эмэгтэй', '95755887', 13, '', 1),
(39, 'ЙЮ05221213', 'Цэрэндэмбэрэл', 'Сандуйжав', 'Эрэгтэй', '91820212', 13, '', 1),
(40, 'ЙЮ07251518', 'Доржсүрэн', 'Содгэрэл', 'Эрэгтэй', '99547315', 13, '', 1),
(41, 'ЙЙ05260630', 'Эрдэнэлхагва', 'Сорогнямбаяр', 'Эрэгтэй', '99120862', 13, '', 1),
(42, 'ЙО05321206', 'Даваацэрэн', 'Сумъяасүрэн', 'Эмэгтэй', '94922006', 13, '', 1),
(43, 'ЙЮ05281035', 'Болормаа', 'Тэлмэн', 'Эрэгтэй', '89090810', 13, '', 1),
(44, 'ЙА05311902', 'Буяннэмэх', 'Удвал', 'Эмэгтэй', '80913244', 13, '', 1),
(45, 'ЙЮ05240106', 'Намхайнямбуу', 'Үржинханд', 'Эмэгтэй', '88923336', 13, '', 1),
(46, 'ЙР05280510', 'Батбаяр', 'Цагаанзам', 'Эрэгтэй', '86864107', 13, '', 1),
(47, 'ЙЮ05312905', 'Дэлэгдулам', 'Цогзолмаа', 'Эмэгтэй', '88800580', 13, '', 1),
(48, 'ЙО04231309', 'Хүрэлбаатар', 'Энхтуяа', 'Эмэгтэй', '85685465', 13, '', 1),
(49, 'ЙЖ05291228', 'Батцэрэн', 'Эрдэмтуяа', 'Эмэгтэй', '86489996', 13, '', 1),
(50, 'йю06211331', 'гэрэлчулуун', 'баяннамсрай', 'Эрэгтэй', '88469076', 14, '', 1),
(51, 'йд04320706', 'тунгалагжаргал', 'буянжаргал', 'Эмэгтэй', '80214315', 14, '', 1),
(52, 'йо05321001', 'жадамбаа', 'бямбадулам', 'Эмэгтэй', '99691602', 14, '', 1),
(53, 'йм04241201', 'цогбадрах', 'даваасүрэн', 'Эмэгтэй', '94645909', 14, '', 1),
(54, 'зл05290108', 'эрдэнэсүх', 'дагиймаа', 'Эмэгтэй', '89960994', 14, '', 1),
(55, 'йп05220507', 'галхүү', 'загарзүсэм', 'Эмэгтэй', '80363231', 14, '', 1),
(56, 'йд03301501', 'шажинбат', 'лхамосоржин', 'Эмэгтэй', '88992568', 14, '', 1),
(57, 'йю05220221', 'дуламсүрэн', 'мягмарсүрэн', 'Эмэгтэй', '89426656', 14, '', 1),
(58, 'йю05242615', 'отгонбаяр', 'мөнхсүлд', 'Эрэгтэй', '85673035', 14, '', 1),
(59, 'йю04272801', 'нэмэхжаргал', 'нэргүй', 'Эмэгтэй', '99817953', 14, '', 1),
(60, 'йа04320701', 'жаргал', 'одэрдэнэ', 'Эмэгтэй', '86696067', 14, '', 1),
(61, 'йю05272714', 'даваасамбуу', 'ууганбаяр', 'Эрэгтэй', '98014404', 14, '', 1),
(62, 'йж05242304', 'дэлгэр', 'хандсүрэн', 'Эмэгтэй', '90276800', 14, '', 1),
(63, 'вв05311300', 'ганбат', 'цэцэгсайхан', 'Эмэгтэй', '99326570', 14, '', 1),
(64, 'йд04221902', 'жаргалбат', 'энхжаргал', 'Эмэгтэй', '80364577', 14, '', 1),
(65, 'йз04322606', 'баттөмөр', 'энхундрах', 'Эмэгтэй', '88326644', 14, '', 1),
(66, 'йю04300844', 'золзаяа', 'энхжин', 'Эмэгтэй', '86230601', 14, '', 1),
(67, 'йю06252421', 'Батдорж', 'Оюумаа', 'Эмэгтэй', '94777992', 14, '', 1),
(68, 'йю05292206', 'Мөнхболд', 'Чаминчулуун', 'Эмэгтэй', '0', 14, '', 1),
(69, 'йд02301715', 'Туваандорж', 'Жамсрансорогдог', 'Эрэгтэй', '0', 14, '', 1),
(70, 'ЙП05320110', 'БАТСАЙХАН', 'Пүрэвбат', 'Эрэгтэй', '0', 14, '', 1),
(71, 'ут03290401', 'Оюун', 'Намуунаа', 'Эмэгтэй', '0', 14, '', 1),
(72, 'ЙЛ03241105', 'Батлут', 'Нансаа', 'Эмэгтэй', '0', 14, '', 1),
(73, 'ЙО05282429', 'БААТАР', 'АЛТАНЦЭЦЭГ', 'Эмэгтэй', '93149303', 15, '', 1),
(74, 'ЙК02300601', 'Нямлхагва', 'Балжингарав', 'Эмэгтэй', '88689059', 15, '', 1),
(75, 'йм05220409', 'Алтангэрэл', 'Бундцэцэг', 'Эмэгтэй', '89604484', 15, '', 1),
(76, 'йп04321808', 'Долгормаа', 'Бямбадолгор', 'Эмэгтэй', '98801386', 15, '', 1),
(77, 'йи05270501', 'Батжаргал', 'Дуламсорогням', 'Эмэгтэй', '86140520', 15, '', 1),
(78, 'ЙД05231808', 'Цэрэндолгор', 'Жавхлан', 'Эмэгтэй', '89961610', 15, '', 1),
(79, 'ЙА03240522', 'Бат-өлзий', 'Загарзүсэм', 'Эмэгтэй', '89786770', 15, '', 1),
(80, 'йо04300501', 'Сангихорол', 'Мягмарсүрэн', 'Эмэгтэй', '85807257', 15, '', 1),
(81, 'ЙД03292507', 'Лхавгацэрэн', 'Нандинцэцэг', 'Эмэгтэй', '90747899', 15, '', 1),
(82, 'ЙВ05231207', 'Нямтогтох', 'Нарансолонго', 'Эмэгтэй', '90243837', 15, '', 1),
(83, 'ЙП05252701', 'Пүрэвжав', 'Наранцацрал', 'Эмэгтэй', '88594904', 15, '', 1),
(84, 'ЙМ05241509', 'Лүндээжанцан', 'Одмаа', 'Эмэгтэй', '88967980', 15, '', 1),
(85, 'ЗЛ05242507', 'Тэгшжаргал', 'Сайхан', 'Эмэгтэй', '80685030', 15, '', 1),
(86, 'ЙЮ05221509', 'Пүрэвдорж', 'Сувд-Эрдэнэ', 'Эмэгтэй', '88387756', 15, '', 1),
(87, 'ЙЮ04252406', 'Мөнхдалай', 'Сэргэлэнбаяр', 'Эмэгтэй', '89740424', 15, '', 1),
(88, 'ЙЮ04312705', 'Балжиннямбуу', 'Цэрэнханд', 'Эмэгтэй', '86133350', 15, '', 1),
(89, 'ЙА04281405', 'Наранбат', 'Энхтүвшин', 'Эмэгтэй', '90253466', 15, '', 1),
(90, 'ЙИ01272409', 'Дорж', 'Энхцэцэг', 'Эмэгтэй', '88480054', 15, '', 1),
(91, 'йм03320706', 'Сайнжаргал', 'Гандолгор', 'Эмэгтэй', '99583561', 15, '', 1),
(92, 'йа04271904', 'Цэрэндорж', 'Даваажаргал', 'Эмэгтэй', '80866018', 15, '', 1),
(93, 'ЙГ03231609', 'Нандинцэцэг', 'Мөнхцэцэг', 'Эмэгтэй', '0', 15, '', 1),
(94, 'ЙЮ02311201', 'Гэрэлчулуун', 'Ундрах', 'Эмэгтэй', '0', 15, '', 1),
(95, 'ЙО03293018', 'Баасандорж', 'Барсболд', 'Эрэгтэй', '80760930', 16, '', 1),
(96, 'ЙЮ04301135', 'Насанцэцэг', 'Алтанхуяг', 'Эрэгтэй', '89191022', 16, '', 1),
(97, 'ЙО04260610', 'Мөнхбаатар', 'Галмандах', 'Эрэгтэй', '99498946', 16, '', 1),
(98, 'ЙЮ05242518', 'Чинцэцэг', 'Билгүүн', 'Эрэгтэй', '89362009', 16, '', 1),
(99, 'ЙЙ05280310', 'Оюунчимэг', 'Насантогтох', 'Эрэгтэй', '89394878', 16, '', 1),
(100, 'ЙН05312317', 'Чагнаадорж', 'Батжаргал', 'Эрэгтэй', '88328307', 16, '', 1),
(101, 'ЙП05271119', 'Ичинхорол', 'Далайбаяр', 'Эрэгтэй', '95832711', 16, '', 1),
(102, 'ЙН05290517', 'Цэнд', 'Нямсүрэн', 'Эрэгтэй', '89169757', 16, '', 1),
(103, 'ЙД05253017', 'Батсайхан', 'Ринчинмээдэг', 'Эрэгтэй', '91192046', 16, '', 1),
(104, 'ЙЙ05271516', 'Цэнджав', 'Дөлгөөн', 'Эрэгтэй', '94482432', 16, '', 1),
(105, 'ЙЛ04270714', 'Доржзовд', 'Гандаваа', 'Эрэгтэй', '85595144', 16, '', 1),
(106, 'ЙК05250215', 'Дагданжамсран', 'Ариунболд', 'Эрэгтэй', '86930399', 16, '', 1),
(107, 'ЙГ05230618', 'Дуламрагчаа', 'Дашням', 'Эрэгтэй', '85556393', 16, '', 1),
(108, 'ЙИ04272616', 'Нэргүй', 'Даваахүү', 'Эрэгтэй', '89828781', 16, '', 1),
(109, 'ЙВ05293019', 'Цэдэвсүрэн', 'Сугаржав', 'Эрэгтэй', '89904932', 16, '', 1),
(110, 'ЙГ05230812', 'Батбаатар', 'Баярдалай', 'Эрэгтэй', '80177654', 16, '', 1),
(111, 'ЙЖ05230414', 'Дамдинбаатар', 'Санжидмолом', 'Эрэгтэй', '96897999', 16, '', 1),
(112, 'ЙЛ04310814', 'Ганболд', 'Маналжав', 'Эрэгтэй', '80219002', 16, '', 1),
(113, 'ЙЙ05250610', 'Отгонбанди', 'Барсболд', 'Эрэгтэй', '85936852', 16, '', 1),
(114, 'ЙЮ05282411', 'Баттогтох', 'Ууган-Эрдэнэ', 'Эрэгтэй', '99593821', 16, '', 1),
(115, 'ЙЮ05292311', 'Нандинцэцэг', 'Рагчаа', 'Эрэгтэй', '80991333', 16, '', 1),
(116, 'ЙМ04263014', 'Сүрэн-Очир', 'Намсрай', 'Эрэгтэй', '91650090', 16, '', 1),
(117, 'ЙЖ05291815', 'Гэндэндорж', 'Адъяадорж', 'Эрэгтэй', '88705979', 16, '', 1),
(118, 'ЙЙ04291116', 'Баасандолгор', 'Дашням', 'Эрэгтэй', '85393296', 16, '', 1),
(119, 'зл05242416', 'МӨНХЗАЯА', 'АНХБАЯР', 'Эрэгтэй', '99450735', 17, '', 1),
(120, 'йю04321251', 'Цэрэнпунцаг', 'Бадрахсүрэн', 'Эрэгтэй', '89829008', 17, '', 1),
(121, 'йю05211917', 'Түвшинбаяр', 'Балжинням', 'Эрэгтэй', '88313021', 17, '', 1),
(122, 'йю05291334', 'Ганболд', 'Билгүүн', 'Эрэгтэй', '94477899', 17, '', 1),
(123, 'йо05312213', 'Мөнхбат', 'Галмандах', 'Эрэгтэй', '85202046', 17, '', 1),
(124, 'йю05212214', 'Ганхуяг', 'Гантөмөр', 'Эрэгтэй', '95779118', 17, '', 1),
(125, 'вл05211417', 'Эрдэнэмандал', 'Жанцандорж', 'Эрэгтэй', '88685514', 17, '', 1),
(126, 'йк05300711', 'Шаарав', 'Жамъянсүрэн', 'Эрэгтэй', '88271164', 17, '', 1),
(127, 'йю05231611', 'Мөнхтогоо', 'Лхагвасүрэн', 'Эрэгтэй', '88403297', 17, '', 1),
(128, 'йг04221011', 'Пүрэвээ', 'Мандалсүрэн', 'Эрэгтэй', '99833945', 17, '', 1),
(129, 'ЙИ05232418', 'ГАНХУЯГ', 'МАНДАХБАЯР', 'Эрэгтэй', '85938466', 17, '', 1),
(130, 'йб05282915', 'Чулуунхүү', 'Мянганбаяр', 'Эрэгтэй', '99483912', 17, '', 1),
(131, 'йс05222734', 'Алтанцэцэг', 'Одгэрэл', 'Эрэгтэй', '80717376', 17, '', 1),
(132, 'йв05312019', 'Төрбат', 'Ойдов', 'Эрэгтэй', '85593228', 17, '', 1),
(133, 'йм05220113', 'Батдулам', 'Иштөгөлдөр', 'Эрэгтэй', '89390408', 17, '', 1),
(134, 'йв05312213', 'Нэргүй', 'Санжидмолом', 'Эрэгтэй', '80339095', 17, '', 1),
(135, 'йб05222415', 'Баттогтох', 'Чагнаадорж', 'Эрэгтэй', '94635317', 17, '', 1),
(136, 'уо05210416', 'Алтансүх', 'Чинзориг', 'Эрэгтэй', '88183279', 17, '', 1),
(137, 'йа05271312', 'Түмэндорж', 'Чулуунмөнх', 'Эрэгтэй', '95493422', 17, '', 1),
(138, 'йн06250114', 'Доржготов', 'Эрдэнэдалай', 'Эрэгтэй', '86677006', 17, '', 1),
(139, 'йм05243015', 'Ханддулам', 'Эрдэнэсүх', 'Эрэгтэй', '89268878', 17, '', 1),
(140, 'ЙО04323116', 'Доржсүрэн', 'Мөнхэрдэнэ', 'Эрэгтэй', '94244251', 17, '', 1),
(141, 'йс05242813', 'Дуламсүрэн', 'Батмэнд', 'Эрэгтэй', '89435833', 17, '', 1),
(142, 'йв05212918', 'Эрдэнэ-Очир', 'Энхтүвшин', 'Эрэгтэй', '89268878', 17, '', 1),
(143, 'ЙВ06241917', 'Болд', 'Ширнин', 'Эрэгтэй', '0', 17, '', 1),
(144, 'вз05272515', 'Батбаатар', 'Лувсандагва', 'Эрэгтэй', '0', 17, '', 1),
(145, 'ЙВ05301714', 'Баяраа', 'Барсхүлэгтбаатар', 'Эрэгтэй', '88580807', 18, '', 1),
(146, 'ЙЮ05242011', 'Мөнхбаатар', 'Баяндалай', 'Эрэгтэй', '90845444', 18, '', 1),
(147, 'ЙЮ05291117', 'Батнаст', 'Гантөгс', 'Эрэгтэй', '85862607', 18, '', 1),
(148, 'ЙЮ05261514', 'Батбаатар', 'Ган-Эрдэнэ', 'Эрэгтэй', '86306044', 18, '', 1),
(149, 'ЙП04250110', 'Шийлэгдолгор', 'Зочинтөгөлдөр', 'Эрэгтэй', '89844979', 18, '', 1),
(150, 'ЙО05322051', 'Эрдэнэчимэг', 'Мөнх-Оргил', 'Эрэгтэй', '95366325', 18, '', 1),
(151, 'ЙБ05232013', 'Эрдэнэцогт', 'Намхайнямбуу', 'Эрэгтэй', '88271519', 18, '', 1),
(152, 'ВЗ05261919', 'Пүрэвжав', 'Нямжав', 'Эрэгтэй', '99538940', 18, '', 1),
(153, 'ЙО05290812', 'Бундхорол', 'Пүрэвдаш', 'Эрэгтэй', '98322131', 18, '', 1),
(154, 'ЙО05262310', 'Баасансүрэн', 'Пүрэвсүрэн', 'Эрэгтэй', '89444256', 18, '', 1),
(155, 'ЙП04301410', 'Пүрэвтогтох', 'Пүрэвсүрэн', 'Эрэгтэй', '88308654', 18, '', 1),
(156, 'ЙК05272011', 'Ёндонжамц', 'Отгонбаяр', 'Эрэгтэй', '95404161', 18, '', 1),
(157, 'ЙА04251312', 'Алтай', 'Төмөрбаатар', 'Эрэгтэй', '86007490', 18, '', 1),
(158, 'ЙО05270756', 'Угтахбаяр', 'Түвдэн', 'Эрэгтэй', '86233321', 18, '', 1),
(159, 'ЙЮ04260510', 'Ганбаатар', 'Ундрахцолмон', 'Эрэгтэй', '89987119', 18, '', 1),
(160, 'ЙЛ05302312', 'Отгонбаатар', 'Цанлигринчин', 'Эрэгтэй', '80624024', 18, '', 1),
(161, 'ЙВ05290812', 'Ням-Очир', 'Цэрэнтогтох', 'Эрэгтэй', '86320889', 18, '', 1),
(162, 'ЙЮ05231814', 'Ариунаа', 'Чулуунбор', 'Эрэгтэй', '89610315', 18, '', 1),
(163, 'ЙО05320818', 'Данзандож', 'Чулуунпүрэв', 'Эрэгтэй', '93077754', 18, '', 1),
(164, 'ЙИ05312614', 'Цэрэнтогтох', 'Энхбаяр', 'Эрэгтэй', '99568635', 18, '', 1),
(165, 'ЙМ05321517', 'Гантулга', 'Азжаргал', 'Эрэгтэй', '85921510', 18, '', 1),
(166, 'ЙВ03301111', 'Энхжаргал', 'Эрдэнэбаяр', 'Эрэгтэй', '89736263', 18, '', 1),
(167, 'ЙВ05321417', 'Нямсүрэн', 'Мөнх-Эрдэнэ', 'Эрэгтэй', '86595596', 18, '', 1),
(168, 'ЙМ05250311', 'Атарболд', 'Мөнхбат', 'Эрэгтэй', '90333187', 18, '', 1),
(169, 'ЙЮ05230731', 'Самбуу', 'Эрдэнэхүү', 'Эрэгтэй', '94163098', 18, '', 1),
(170, 'ЙР02272416', 'Батбаяр', 'Эрдэнэчулуун', 'Эрэгтэй', '95397559', 18, '', 1),
(171, 'ЙЮ04302811', 'Мягмарсүрэн', 'Дүүрэнтогтох', 'Эрэгтэй', '89992151', 18, '', 1),
(172, 'ЙЯ05261917', 'Чулуун', 'Баяржаргал', 'Эрэгтэй', '99321314', 18, '', 1),
(173, 'йю03260418', 'Батбилэг', 'Бүрэнбаатар', 'Эрэгтэй', '0', 18, '', 1),
(174, 'ЙЮ05251711', 'Батболд', 'Буяндэлгэр', 'Эрэгтэй', '86138233', 18, '', 1),
(175, 'ЙК05231014', 'Төмөрхуяг', 'Пүрэвдорж', 'Эрэгтэй', '86780310', 18, '', 1),
(176, 'ЙЮ04251112', 'Буянжаргал', 'Буянбаяр', 'Эрэгтэй', '80908920', 19, '', 1),
(177, 'йп02270912', 'Давгадорж', 'Хатанбаатар', 'Эрэгтэй', '97144047', 19, '', 1),
(178, 'ЙН04241610', 'Солонго', 'Намбарнанзад', 'Эрэгтэй', '89148838', 19, '', 1),
(179, 'йо05292916', 'Мөнхцэцэг', 'Мөнхэрдэнэ', 'Эрэгтэй', '89294585', 19, '', 1),
(180, 'зл03240909', 'самбууёндон', 'Ариунтуяа', 'Эмэгтэй', '89673339', 19, '', 1),
(181, 'ЙЙ03320411', 'Жамъян', 'Бээжин', 'Эрэгтэй', '89895686', 19, '', 1),
(182, 'йн04270711', 'Чинбат', 'содномиш', 'Эрэгтэй', '93221314', 19, '', 1),
(183, 'ЙО05311517', 'Гэрэлдалай', 'Нацагдорж', 'Эрэгтэй', '85589415', 19, '', 1),
(184, 'ЙМ05282700', 'Эрдэнэбат', 'Төгөлдөрчимэг', 'Эмэгтэй', '86346929', 19, '', 1),
(185, 'йд05271722', 'жаргалсайхан', 'эрдэнэцэцэг', 'Эмэгтэй', '96582444', 19, '', 1),
(186, 'ЙМ04301403', 'мөнхдулам', 'Уранчимэг', 'Эмэгтэй', '95323542', 19, '', 1),
(187, 'йз05222801', 'саранцэцэг', 'доржхорлоо', 'Эмэгтэй', '95325657', 19, '', 1),
(188, 'йю05320205', 'должинсүрэн', 'хулан', 'Эмэгтэй', '90150205', 19, '', 1),
(189, 'йд03213114', 'лхагвасүрэн', 'сэрбазар', 'Эрэгтэй', '80669799', 19, '', 1),
(190, 'ЙА05241002', 'БАТСАЙХАН', 'ГАЙНДИЙМАА', 'Эмэгтэй', '86698832', 19, '', 1),
(191, 'йю03250712', 'Мөнхбат', 'энхцогт', 'Эрэгтэй', '0', 19, '', 1),
(192, 'йа05272914', 'Эрдэнэбат', 'Шинэхүү', 'Эрэгтэй', '0', 19, '', 1),
(193, 'йй05280101', 'баттогтох', 'туяа', 'Эмэгтэй', '0', 19, '', 1),
(194, 'йж05241901', 'баяржаргал', 'алтанчимэг', 'Эмэгтэй', '0', 19, '', 1),
(195, 'йб05222301', 'мягмар', 'сувд-эрдэнэ', 'Эмэгтэй', '0', 19, '', 1),
(196, 'йб05320113', 'Түмэнжаргал', 'Анхбаяр', 'Эрэгтэй', '0', 20, '', 1),
(197, 'йл05241112', 'Батжаргал', 'Баатарчулуун', 'Эрэгтэй', '80450386', 20, '', 1),
(198, 'йа04270718', 'Оюунчимэг', 'Баттүшиг', 'Эрэгтэй', '89898042', 20, '', 1),
(199, 'йю04260111', 'Долгорсүрэн', 'Ганзориг', 'Эрэгтэй', '86242622', 20, '', 1),
(200, 'йг05212210', 'Жаргалбат', 'Дондов', 'Эрэгтэй', '86199295', 20, '', 1),
(201, 'йз98050816', 'Самдан', 'Төгөлдөр', 'Эрэгтэй', '80875881', 20, '', 1),
(202, 'йс03300112', 'Түмэнжаргал', 'Тогтох', 'Эрэгтэй', '89407076', 20, '', 1),
(203, 'йо04221911', 'Арслан', 'Цэндсүрэн', 'Эрэгтэй', '95337064', 20, '', 1),
(204, 'йд04322816', 'Сүхбат', 'Гантөмөр', 'Эрэгтэй', '88282949', 20, '', 1),
(205, 'ЙД05230212', 'Норовбямба', 'Түвшинжаргал', 'Эрэгтэй', '99829598', 20, '', 1),
(206, 'йм04321511', 'Бямбадорж', 'Батэрдэнэ', 'Эрэгтэй', '94323719', 20, '', 1),
(207, 'йл05222711', 'Чинбат', 'Давааэрдэнэ', 'Эрэгтэй', '80943039', 20, '', 1),
(208, 'йв05322611', 'Янжинлхам', 'Даваажаргал', 'Эрэгтэй', '89999730', 20, '', 1),
(209, 'йю05321038', 'Батбаатар', 'Сандагдорж', 'Эрэгтэй', '96223333', 20, '', 1),
(210, 'йд05280219', 'Эрдэнэбат', 'Мөнгөншагай', 'Эрэгтэй', '99720276', 20, '', 1),
(211, 'йю04312312', 'Эрдэнэочир', 'Мөнхбаяр', 'Эрэгтэй', '86191125', 20, '', 1),
(212, 'йл06212017', 'Бямбасүрэн', 'Болдэрдэнэ', 'Эрэгтэй', '94191933', 20, '', 1),
(213, 'йй05311217', 'Амартогтох', 'Басоргил', 'Эрэгтэй', '89815759', 20, '', 1),
(214, 'йю05283116', 'Төмөрхуяг', 'Дэмчигдорж', 'Эрэгтэй', '88079254', 20, '', 1),
(215, 'йл05231816', 'Алтангэрэл', 'Яндагдагмид', 'Эрэгтэй', '80733384', 20, '', 1),
(216, 'йс05292410', 'Цэрэннадмид', 'БЯМБА-ОЧИР', 'Эрэгтэй', '85836163', 20, '', 1),
(217, 'йп05232611', 'Доржсүрэн', 'Жаргалсайхан', 'Эрэгтэй', '88329946', 20, '', 1),
(218, 'ЙМ99031313', 'Батчимэг', 'Бямбадорж', 'Эрэгтэй', '99135035', 30, '', 1),
(219, 'ЙП05222156', 'Анхбаяр', 'Даваажаргал', 'Эрэгтэй', '88327089', 30, '', 1),
(220, 'ЙП03311931', 'Батцэрэн', 'Азжаргал', 'Эрэгтэй', '91695700', 30, '', 1),
(221, 'ЙЮ04220317', 'Буман-Аюуш', 'Алтангэрэл', 'Эрэгтэй', '99323202', 30, '', 1),
(222, 'ЙЙ05210417', 'Отгонтогтоол', 'Буянболд', 'Эрэгтэй', '91644777', 30, '', 1),
(223, 'ЙБ04320411', 'Чимэд-Очир', 'Ганбаяр', 'Эрэгтэй', '94851259', 30, '', 1),
(224, 'ЙГ04280716', 'Отгонжаргал', 'Давгадорж', 'Эрэгтэй', '89891182', 30, '', 1),
(225, 'ЙЮ04211814', 'Дэлгэрсайхан', 'Давгадорж', 'Эрэгтэй', '88366906', 30, '', 1),
(226, 'ЙБ05282710', 'Баярсайхан', 'Дөлгөөн', 'Эрэгтэй', '85915412', 30, '', 1),
(227, 'ЙИ04240955', 'Хүрэлбаатар', 'Нямдондов', 'Эрэгтэй', '95507143', 30, '', 1),
(228, 'ЙЮ03321111', 'Бямба-Тогтох', 'Нямпүрэв', 'Эрэгтэй', '88753239', 30, '', 1),
(229, 'ЙЮ03290531', 'Мөнхцэцэг', 'Оюунболд', 'Эрэгтэй', '80661415', 30, '', 1),
(230, 'ЙП05270714', 'Шийрэвдорж', 'Сангибархас', 'Эрэгтэй', '85659085', 30, '', 1),
(231, 'ЙЙ04323118', 'Баярмөнх', 'Сандагноржим', 'Эрэгтэй', '99516462', 30, '', 1),
(232, 'ВЛ04281218', 'Чимэддорж', 'Түвшинбаяр', 'Эрэгтэй', '94503982', 30, '', 1),
(233, 'ЙЮ03312511', 'Батсумъяа', 'Цэенойдов', 'Эрэгтэй', '99572320', 30, '', 1),
(234, 'ЙЖ04231018', 'Азжаргал', 'Цэрэнтогтох', 'Эрэгтэй', '89700310', 30, '', 1),
(235, 'ЙЮ04213035', 'Ичинноров', 'Чинзориг', 'Эрэгтэй', '88953238', 30, '', 1),
(236, 'ЙЛ03262401', 'Оюунцэцэг', 'Буянбилэг', 'Эмэгтэй', '80330372', 22, '', 1),
(237, 'ЙО04281909', 'Баасанжав', 'Балжмаа', 'Эмэгтэй', '85559069', 22, '', 1),
(238, 'ЙО03261613', 'Базаррагчаа', 'Жамъянсүрэн', 'Эрэгтэй', '94804351', 22, '', 1),
(239, 'ЙЛ04292510', 'Болдбаатар', 'Мөнх-Эрдэнэ', 'Эрэгтэй', '86952004', 22, '', 1),
(240, 'ЙД03311114', 'Мэндсайхан', 'Намнансүрэн', 'Эрэгтэй', '96213573', 22, '', 1),
(241, 'ЙЮ03210810', 'Цогтбаяр', 'Нямлхагва', 'Эрэгтэй', '88210237', 22, '', 1),
(242, 'ЙК03281909', 'Нэргүй', 'Оюундарь', 'Эмэгтэй', '88965969', 22, '', 1),
(243, 'ЙЛ02280613', 'Болдбаатар', 'Павагжамбал', 'Эрэгтэй', '80421247', 22, '', 1),
(244, 'ЙЮ04282009', 'Гансүх', 'Саранчимэг', 'Эмэгтэй', '94486587', 22, '', 1),
(245, 'ЙЮ01300705', 'Баттогтох', 'Сувд-Эрдэнэ', 'Эмэгтэй', '94285347', 22, '', 1),
(246, 'ЙД02290211', 'Буянбат', 'Сумьяа', 'Эрэгтэй', '80974091', 22, '', 1),
(247, 'ЙЮ05290518', 'Баатарсүрэн', 'Төгсбаяр', 'Эрэгтэй', '99307858', 22, '', 1),
(248, 'ИЛ04220103', 'Бат-Эрдэнэ', 'Уранжаргал', 'Эмэгтэй', '98120556', 22, '', 1),
(249, 'ЙЛ04242001', 'Гансүх', 'Үүрийнтуяа', 'Эмэгтэй', '80279096', 22, '', 1),
(250, 'ЙК04310701', 'Нэргүй', 'Хишигцогзол', 'Эмэгтэй', '88968949', 22, '', 1),
(251, 'ЙИ05222609', 'Хүрэлбаяр', 'Цэлмэгтэнгэр', 'Эмэгтэй', '80276080', 22, '', 1),
(252, 'ВВ03283009', 'Ганбат', 'Цэцэгсүрэн', 'Эмэгтэй', '94809513', 22, '', 1),
(253, 'ЙП05212905', 'Оюун', 'Цэрэнпагма', 'Эмэгтэй', '95831768', 22, '', 1),
(254, 'ЙЮ03322029', 'Тунгалаг', 'Энхтуяа', 'Эмэгтэй', '88204583', 22, '', 1),
(255, 'ЙВ03302312', 'Чулуунзориг', 'Өсөхболд', 'Эрэгтэй', '85549326', 22, '', 1),
(256, 'ЙО04302820', 'Батчулуун', 'Сэндмаа', 'Эмэгтэй', '88158085', 22, '', 1),
(257, 'ЙП95121818', 'Буянбадрах', 'Сампилдондов', 'Эрэгтэй', '0', 22, '', 1),
(258, 'ЙЮ04241508', 'Ням', 'Алтанцэцэг', 'Эмэгтэй', '80936685', 23, '80936685', 1),
(259, 'ЙЮ04310601', 'Баасансүрэн', 'Анхмаа', 'Эмэгтэй', '85680470', 23, '', 1),
(260, 'ЙЮ04241109', 'Алтангэрэл', 'Ариунхишиг', 'Эмэгтэй', '86769399', 23, '', 1),
(261, 'ЙЮ04302201', 'Баатарцогт', 'Баярмагнай', 'Эмэгтэй', '95184025', 23, '', 1),
(262, 'ЙС04232200', 'Батсуурь', 'Дэнсмаа', 'Эмэгтэй', '90135152', 23, '', 1),
(263, 'ЙЗ97092417', 'Ганбат', 'Лхагвабат', 'Эрэгтэй', '88127897', 23, '', 1),
(264, 'ЙС03322001', 'Яндагсүрэн', 'Мөнхзул', 'Эмэгтэй', '99946984', 23, '', 1),
(265, 'ЙА04280504', 'Баяр-Эрдэнэ', 'Нарансолонго', 'Эмэгтэй', '85239757', 23, '', 1),
(266, 'ЙЮ04271208', 'Гантогоо', 'Нямбаяр', 'Эмэгтэй', '88976272', 23, '', 1),
(267, 'ЙЮ03312203', 'Пүрэвсүрэн', 'Оюунхорол', 'Эмэгтэй', '80890205', 23, '', 1),
(268, 'ЙЙ04252001', 'Энх-Амгалан', 'Пүрэвсүрэн', 'Эмэгтэй', '86620506', 23, '', 1),
(269, 'ЙД04290905', 'Загарханд', 'Пүрэвсүрэн', 'Эмэгтэй', '88976272', 23, '', 1),
(270, 'ЙЮ04240100', 'Төмөргинж', 'Равжихчимэг', 'Эмэгтэй', '89501101', 23, '', 1),
(271, 'ЙЮ04211204', 'Цэрэндулам', 'Сумъяацэрэн', 'Эмэгтэй', '86327076', 23, '', 1),
(272, 'ГП04240103', 'Буман-Аюуш', 'Усанхүү', 'Эмэгтэй', '89347034', 23, '', 1),
(273, 'ЙИ04210200', 'Нарантуяа', 'Цэрэнлхам', 'Эмэгтэй', '85131120', 23, '', 1),
(274, 'ГП04292904', 'Батсайхан', 'Шүрэнчимэг', 'Эмэгтэй', '89988501', 23, '', 1),
(275, 'ЙМ04232504', 'Чулуунсүрэн', 'Энх-Амгалан', 'Эмэгтэй', '89203871', 23, '', 1),
(276, 'ЙС04242607', 'Түмэнбаяр', 'Энхжаргал', 'Эмэгтэй', '80717333', 23, '', 1),
(277, 'ЙИ98062015', 'Дашдамба', 'Эрдэнэбат', 'Эрэгтэй', '99321019', 23, '', 1),
(278, 'ЙЛ04260808', 'Ойдовбаатар', 'Эрдэнэтуяа', 'Эмэгтэй', '80230259', 23, '', 1),
(279, 'ЙО04302843', 'Батчулуун', 'Хандмаа', 'Эмэгтэй', '80890205', 23, '', 1),
(280, 'йю03322721', 'Батсуурь', 'Отгонзаяа', 'Эмэгтэй', '0', 24, '', 1),
(281, 'ЙЮ05300804', 'Эрдэнэтуяа', 'Анхчимэг', 'Эмэгтэй', '86551008', 24, '', 1),
(282, 'ЙБ04290602', 'Ариунболд', 'Буянжаргал', 'Эмэгтэй', '0', 24, '', 1),
(283, 'ЙЙ04270506', 'Мөнхбат', 'Даваасамбуу', 'Эмэгтэй', '0', 24, '', 1),
(284, 'ЙЮ04292901', 'Батцэрэн', 'Дэлгэржаргал', 'Эмэгтэй', '0', 24, '', 1),
(285, 'ЙО04272306', 'Чимэдгочоо', 'Дэлгэрмаа', 'Эмэгтэй', '0', 24, '', 1),
(286, 'ЙД04271909', 'Батмөнх', 'Молом', 'Эмэгтэй', '0', 24, '', 1),
(287, 'ЙО04320709', 'Түвшинбаяр', 'Мягмарханд', 'Эмэгтэй', '0', 24, '', 1),
(288, 'ЙЙ04292000', 'Нэргүй', 'Нармандах', 'Эмэгтэй', '0', 24, '', 1),
(289, 'ЙД04310105', 'Баттөр', 'Нацаг-Юм', 'Эмэгтэй', '0', 24, '', 1),
(290, 'ЙМ02220208', 'Цогбадрах', 'Отгонбямба', 'Эмэгтэй', '0', 24, '', 1),
(291, 'ЙД01292301', 'Долгорсүрэн', 'Сонинцэцэг', 'Эмэгтэй', '0', 24, '', 1),
(292, 'ЙО04240901', 'Базаррагчаа', 'Сэрчмаа', 'Эмэгтэй', '0', 24, '', 1),
(293, 'ЙЖ04262801', 'Давхарбаяр', 'Ундрах-баяр', 'Эмэгтэй', '0', 24, '', 1),
(294, 'ЙА04242706', 'Жанчивдорж', 'Чулуунбаатар', 'Эмэгтэй', '0', 24, '', 1),
(295, 'ВВ04272408', 'Батхуяг', 'Энхзул', 'Эмэгтэй', '0', 24, '', 1),
(296, 'ЙК04211709', 'Жамбалдорж', 'Янжиндулам', 'Эмэгтэй', '0', 24, '', 1),
(297, 'ЙП02291305', 'Дашсамбуу', 'Загарцэцэг', 'Эмэгтэй', '89930913', 23, '', 1),
(298, 'ЙМ01320901', 'Мөнхтогтох', 'Дуламсүрэн', 'Эмэгтэй', '90674796', 23, '', 1),
(299, 'ЙЮ03212711', 'Гантөмөр', 'Отгонтулга', 'Эрэгтэй', '96045568', 23, '', 1),
(300, 'ЙИ03230609', 'Цэрэнпил', 'Сийлэгмаа', 'Эмэгтэй', '85259167', 23, '', 1),
(301, 'ЙЕ02220508', 'Доржпагам', 'Мөнхцэцэг', 'Эмэгтэй', '80600205', 23, '', 1),
(302, 'ЙЮ01301703', 'Батнаран', 'Ачмаа', 'Эмэгтэй', '95322017', 23, '', 1),
(303, 'ЙИ03292201', 'Гантөмөр', 'Оюунханд', 'Эмэгтэй', '80840102', 23, '', 1),
(304, 'ЙЗ03261907', 'Дамдинсүрэн', 'Ариунзаяа', 'Эмэгтэй', '86705422', 23, '', 1),
(305, 'ЙИ02310514', 'Саран-Од', 'Батзориг', 'Эрэгтэй', '80685535', 23, '', 1),
(306, 'ЙИ02310801', 'Хүрэлбаатар', 'Болорчимэг', 'Эмэгтэй', '88997014', 23, '', 1),
(307, 'ЙА03280509', 'Чулуунбаатар', 'Пүрэвлхам', 'Эмэгтэй', '86320770', 23, '', 1),
(308, 'ЙА03210822', 'Цэрэндорж', 'Бундхорол', 'Эмэгтэй', '80773540', 23, '', 1),
(309, 'ЙА01310503', 'Батдорж', 'Чулуунсувд', 'Эмэгтэй', '85153450', 23, '', 1),
(310, 'ЙО03282308', 'Нямсүрэн', 'Цогзол', 'Эмэгтэй', '80926249', 23, '', 1),
(311, 'ЙЮ04210400', 'Дэлгэрпүрэв', 'Мөнх-Эрдэнэ', 'Эмэгтэй', '88333882', 23, '', 1),
(312, 'ЙС02282206', 'ЖААХАНЦОЛМОН', 'ПҮРЭВ', 'Эмэгтэй', '88500822', 23, '', 1),
(313, 'ВВ01312524', 'Батхуяг', 'Золжаргал', 'Эмэгтэй', '95662216', 23, '', 1),
(314, 'ЙА03222706', 'Амарсайхан', 'Пүрэвсүрэн', 'Эмэгтэй', '94263678', 23, '', 1),
(315, 'ЙЗ03280504', 'Амаржаргал', 'Отгонсүрэн', 'Эмэгтэй', '85158599', 23, '', 1),
(316, 'ЙВ03251200', 'Цэрэнбат', 'Отгонцэцэг', 'Эмэгтэй', '88758695', 23, '', 1),
(317, 'ЙС03280108', 'Цэрэндондов', 'Наранцэцэг', 'Эмэгтэй', '95327761', 23, '', 1),
(318, 'ЙС01290201', 'Цэрэндондов', 'Наранзул', 'Эмэгтэй', '95327761', 23, '', 1),
(319, 'ВР03240401', 'Пүрэвдаваа', 'Баасансүрэн', 'Эмэгтэй', '80813043', 23, '', 1),
(320, 'ЙИ03210809', 'Дуламсүрэн', 'Цэрэнханд', 'Эмэгтэй', '86700247', 23, '', 1),
(321, 'йб02270501', 'Пүрэвдорж', 'Таван-Эрдэнэ', 'Эмэгтэй', '0', 25, '', 1),
(322, 'йп03222308', 'Бадамхорол', 'Цэндсүрэн', 'Эмэгтэй', '0', 25, '', 1),
(323, 'ЙЮ04250701', 'Лхагвадорж', 'Анхзаяа', 'Эмэгтэй', '0', 25, '', 1),
(324, 'ЙЙ04320512', 'Цэрэнням', 'Анхбаатар', 'Эрэгтэй', '0', 25, '', 1),
(325, 'ЙД03321510', 'Өрнөнбаяр', 'Бат-Оргил', 'Эрэгтэй', '0', 25, '', 1),
(326, 'ЙО03271416', 'Отгон', 'Буянбадрах', 'Эрэгтэй', '0', 25, '', 1),
(327, 'ЙЮ03231015', 'Амарсайхан', 'Буянтогтох', 'Эрэгтэй', '0', 25, '', 1),
(328, 'ЙП02311702', 'Туулсүрэн', 'Бүрэнжаргал', 'Эмэгтэй', '0', 25, '', 1),
(329, 'ЙИ04251214', 'Рагчаабазар', 'Даваажаргал', 'Эрэгтэй', '0', 25, '', 1),
(330, 'ЙИ02272501', 'Наймантогоо', 'Дүүрэнжаргал', 'Эмэгтэй', '0', 25, '', 1),
(331, 'ЙЮ04322417', 'Баасанжав', 'Лүнэрэн', 'Эрэгтэй', '0', 25, '', 1),
(332, 'ЙО04221814', 'Батбаяр', 'Лхагвасүрэн', 'Эрэгтэй', '0', 25, '', 1),
(333, 'ЙЮ05260402', 'Сэнгэ-Очир', 'Отгонсүрэн', 'Эмэгтэй', '0', 25, '', 1),
(334, 'ЙМ03252201', 'Намхай', 'Оюунгэрэл', 'Эмэгтэй', '0', 25, '', 1),
(335, 'ЙЛ04300310', 'Батжаргал', 'Одсүрэн', 'Эрэгтэй', '0', 25, '', 1),
(336, 'ЙО02291204', 'Мөнхнасан', 'Саялхам', 'Эмэгтэй', '0', 25, '', 1),
(337, 'ЙО04323101', 'Гансүх', 'Сумъяасүрэн', 'Эмэгтэй', '0', 25, '', 1),
(338, 'ЙЛ04301809', 'Ганболд', 'Ундрах', 'Эмэгтэй', '0', 25, '', 1),
(339, 'ЙМ04312016', 'Жавхлант', 'Төрболд', 'Эрэгтэй', '0', 25, '', 1),
(340, 'ЙЮ04210816', 'Дашням', 'Тэмүүлэн', 'Эрэгтэй', '0', 25, '', 1),
(341, 'ЙМ04271505', 'Лхамхорлоо', 'Цэрэндулам', 'Эмэгтэй', '0', 25, '', 1),
(342, 'ЙЮ04241446', 'Өлзийхүү', 'Энхцэцэг', 'Эмэгтэй', '0', 25, '', 1),
(343, 'АС04230114', 'Наранцэцэг', 'Эрдэнэхуяг', 'Эрэгтэй', '0', 25, '', 1),
(344, 'ЙД02301413', 'Батбаяр', 'Дашдондов', 'Эрэгтэй', '0', 25, '', 1),
(345, 'ЙД02310315', 'Даваасүрэн', 'Төмөрбат', 'Эрэгтэй', '0', 25, '', 1),
(346, 'ЙЮ04222216', 'Нямсүрэн', 'Амарбаясгалан', 'Эрэгтэй', '99798315', 26, '', 1),
(347, 'ЙЮ04293010', 'Батжаргал', 'Балжинням', 'Эрэгтэй', '99326019', 26, '', 1),
(348, 'ЙЙ04320911', 'Ганбат', 'Барсхүлэгбаатар', 'Эрэгтэй', '98192798', 26, '', 1),
(349, 'ЙЖ04302916', 'Даваадорж', 'Барсдогшинбаатар', 'Эрэгтэй', '88345550', 26, '', 1),
(350, 'ЙЮ04283013', 'Нэмэхбаяр', 'Батбөх', 'Эрэгтэй', '99495491', 26, '', 1),
(351, 'ЙР04240915', 'Өлзийбүрэн', 'Батсугар', 'Эрэгтэй', '80328819', 26, '', 1),
(352, 'ЙИ04290916', 'Сандаг', 'Буянбадрах', 'Эрэгтэй', '98717166', 26, '', 1),
(353, 'ЙН04252713', 'Баатар', 'Ганболд', 'Эрэгтэй', '89879399', 26, '', 1),
(354, 'ЙВ03311011', 'Болд', 'Даваахүү', 'Эрэгтэй', '89248089', 26, '', 1),
(355, 'ЙЮ04240915', 'Одбаяр', 'Жавхлан', 'Эрэгтэй', '99324168', 26, '', 1),
(356, 'ЙЛ04280215', 'Чимэдрэгзэн', 'Жамъяндорж', 'Эрэгтэй', '88856384', 26, '', 1),
(357, 'ЙИ04302212', 'Батбаяр', 'Зулсар', 'Эрэгтэй', '99817787', 26, '', 1),
(358, 'ЙВ04302911', 'Цэдэнбаатар', 'Зундуй', 'Эрэгтэй', '98635128', 26, '', 1),
(359, 'ЙО04312110', 'Отгонцэцэг', 'Мөнхтэмүүлэн', 'Эрэгтэй', '86626292', 26, '', 1),
(360, 'ЙЮ04230616', 'Мөөг', 'Мөнхжин', 'Эрэгтэй', '95650525', 26, '', 1),
(361, 'ЗК04271553', 'Урантуяа', 'Пүрэвбаатар', 'Эрэгтэй', '95320718', 26, '', 1),
(362, 'ЙА04252817', 'Эрдэнэтогтох', 'Ренчинмядаг', 'Эрэгтэй', '99988323', 26, '', 1),
(363, 'ЙЮ04220739', 'Шийлэгцэрэн', 'Түмэнжав', 'Эрэгтэй', '98337661', 26, '', 1),
(364, 'ЙМ03322212', 'Нямдорж', 'Элдэв-Очир', 'Эрэгтэй', '98456266', 26, '', 1),
(365, 'ЙЙ04233119', 'Лхагвасүрэн', 'Эрдэнэтогтох', 'Эрэгтэй', '3423423', 26, '', 1),
(366, 'Йд02291218', 'Насанбат', 'Мөнхдорж', 'Эрэгтэй', '86708081', 26, '', 1),
(367, 'ЙМ04311913', 'Төмөрбаатар', 'Дэмчигдорж', 'Эрэгтэй', '99637912', 26, '', 1),
(368, 'Йю03242403', 'Уяат', 'Оюунчимэг', 'Эмэгтэй', '88658075', 26, '', 1),
(369, 'йв03252819', 'Баянхангай', 'Мөнххишиг', 'Эрэгтэй', '0', 26, '', 1),
(370, 'ЙЮ02323015', 'Энхтүвшин', 'Дэмчигдорж', 'Эрэгтэй', '0', 27, '', 1),
(371, 'ЙМ04321414', 'Түмэнбаяр', 'Бодьтөгөлдөр', 'Эрэгтэй', '88460200', 27, '', 1),
(372, 'ЙМ04261816', 'Мөнгөн', 'Бадрахсүрэн', 'Эрэгтэй', '90696909', 27, '', 1),
(373, 'ЙЮ04310413', 'Амарсайхан', 'Буянхишиг', 'Эрэгтэй', '90601104', 27, '', 1),
(374, 'ЙП04320417', 'Баярмагнай', 'Баяртогтох', 'Эрэгтэй', '96581889', 27, '', 1),
(375, 'ЙЙ04272918', 'Машбат', 'Гэлэгжаргал', 'Эрэгтэй', '86884554', 27, '', 1),
(376, 'ЙЮ03321630', 'Мягмар', 'Ёндон', 'Эрэгтэй', '85959632', 27, '', 1),
(377, 'ЙП04260916', 'Ичинхорлоо', 'Лхагвадорж', 'Эрэгтэй', '89303679', 27, '', 1),
(378, 'ЙБ03292512', 'Цогтбаатар', 'Маргад-Эрдэнэ', 'Эрэгтэй', '88127734', 27, '', 1),
(379, 'ЙЮ03302634', 'Даш', 'Мөнхболд', 'Эрэгтэй', '90341023', 27, '', 1),
(380, 'ЙЮ04290113', 'Долоонжинбат', 'Оргилболд', 'Эрэгтэй', '96322777', 27, '', 1),
(381, 'ЙД04232914', 'Түмэнбаяр', 'Халтар', 'Эрэгтэй', '80959899', 27, '', 1),
(382, 'ЙЮ04211911', 'Хатанбаатар', 'Хатан-Эрдэнэ', 'Эрэгтэй', '90342042', 27, '', 1),
(383, 'ЙВ04280917', 'Мөнхбаяр', 'Цогбадрах', 'Эрэгтэй', '91882411', 27, '', 1),
(384, 'ЙИ04242614', 'Амаржаргал', 'Энхбаатар', 'Эрэгтэй', '85165127', 27, '', 1),
(385, 'ЙЮ04293033', 'Баттогтох', 'Бат-Эрдэнэ', 'Эрэгтэй', '85254494', 27, '', 1),
(386, 'ЙД03232412', 'Наранбаатар', 'Баяржаргал', 'Эрэгтэй', '88431423', 27, '', 1),
(387, 'ЙЮ03321812', 'Батцэнгэл', 'Зулхайрхан', 'Эрэгтэй', '85555273', 27, '', 1),
(388, 'ЙИ02281517', 'Ганбат', 'Өсөхбаяр', 'Эрэгтэй', '88845383', 28, '', 1),
(389, 'ЙЮ04222011', 'Сумъяа', 'Агийндамба', 'Эрэгтэй', '0', 28, '', 1),
(390, 'ЙИ04241519', 'Түмэнбаяр', 'Алтангэрэл', 'Эрэгтэй', '95726305', 28, '', 1),
(391, 'ЙЙ04260418', 'Ганболд', 'Амин-Эрдэнэ', 'Эрэгтэй', '0', 28, '', 1),
(392, 'ЙО04301311', 'Ундрах', 'Барсхүлэгтбаатар', 'Эрэгтэй', '0', 28, '', 1),
(393, 'ЙЮ04270615', 'Нэргүйбаатар', 'Бат-Оргил', 'Эрэгтэй', '0', 28, '', 1),
(394, 'ЗЛ04300713', 'Баттогтох', 'Батсайхан', 'Эрэгтэй', '0', 28, '', 1),
(395, 'ЙЮ04233017', 'Баттогоо', 'Бямбадорж', 'Эрэгтэй', '0', 28, '', 1),
(396, 'ЙП04241715', 'Ганбаатар', 'Бямбацэрэн', 'Эрэгтэй', '0', 28, '', 1),
(397, 'ЗЛ04212915', 'Ганбаатар', 'Ганхүү', 'Эрэгтэй', '0', 28, '', 1),
(398, 'ЗЛ04262113', 'Эрдэнэбаяр', 'Даваадорж', 'Эрэгтэй', '0', 28, '', 1),
(399, 'ЙС04271218', 'Зоригт', 'Давгадорж', 'Эрэгтэй', '0', 28, '', 1),
(400, 'ЙЮ04301716', 'Долгорсүрэн', 'Дүйнхэрсүрэн', 'Эрэгтэй', '0', 28, '', 1),
(401, 'ЙЛ04310717', 'Дэсэм', 'Жамсүрэнжав', 'Эрэгтэй', '0', 28, '', 1),
(402, 'ЙЮ03270330', 'Энхбат', 'Мөнх-Эрдэнэ', 'Эрэгтэй', '0', 28, '', 1),
(403, 'ЙЮ04253011', 'Бямбатогтох', 'Наранбаатар', 'Эрэгтэй', '0', 28, '', 1),
(404, 'ЙЖ02310517', 'Бат-Отгон', 'Нэргүй', 'Эрэгтэй', '0', 28, '', 1),
(405, 'ЙВ04302210', 'Батсүх', 'Очиртогтох', 'Эрэгтэй', '0', 28, '', 1),
(406, 'ЙС04322712', 'Барсболд', 'Сундуймөнх', 'Эрэгтэй', '0', 28, '', 1),
(407, 'ЗЛ04211811', 'Өнөржаргал', 'Цэнд-Аюуш', 'Эрэгтэй', '0', 28, '', 1),
(408, 'ЙИ04231437', 'Цэрэндүгэр', 'Цэрэнням', 'Эрэгтэй', '0', 28, '', 1),
(409, 'ЗЛ04220411', 'Болдбаатар', 'Чойнбал', 'Эрэгтэй', '0', 28, '', 1),
(410, 'ЙЛ04271811', 'Сүнгэрэвцоодол', 'Эрдэнэбаяр', 'Эрэгтэй', '0', 28, '', 1),
(411, 'ЙЮ03220117', 'ДЭНСМАА', 'СУМЬЯАБЭЙС', 'Эрэгтэй', '0', 28, '', 1),
(412, 'ЗЛ04300411', 'Ургамал', 'Жаргалсайхан', 'Эрэгтэй', '86664146', 28, '', 1),
(413, 'ЙЛ04261812', 'Хүрэлбаатар', 'Азжаргал', 'Эрэгтэй', '0', 29, '', 1),
(414, 'ЙМ04291613', 'Гончигбат', 'Баатарсүрэн', 'Эрэгтэй', '0', 29, '', 1),
(415, 'ЙЕ04231812', 'Доржпалам', 'Баяржаргал', 'Эрэгтэй', '0', 29, '', 1),
(416, 'ЙЮ03302611', 'Отгонбаяр', 'Баярмагнай', 'Эрэгтэй', '0', 29, '', 1),
(417, 'ЙО04282816', 'Баярхүү', 'Бямбадорж', 'Эрэгтэй', '0', 29, '', 1),
(418, 'ЙЛ04261510', 'Энхтөр', 'Билгүүн', 'Эрэгтэй', '0', 29, '', 1),
(419, 'ЙС04222813', 'Дамбийням', 'Батсайхан', 'Эрэгтэй', '0', 29, '', 1),
(420, 'ЙД03232811', 'Үйтүмэн', 'Буяндүүрэн', 'Эрэгтэй', '0', 29, '', 1),
(421, 'ЙИ03301812', 'Намхайцэрэн', 'Гэлэгпил', 'Эрэгтэй', '0', 29, '', 1),
(422, 'ЙЮ04251015', 'Чимэддолгор', 'Давааням', 'Эрэгтэй', '0', 29, '', 1),
(423, 'ЙВ03310811', 'Отгонбаяр', 'Жамсранбаатар', 'Эрэгтэй', '0', 29, '', 1),
(424, 'ЙА04242811', 'Цэрэнхорлоо', 'Загарзүсэм', 'Эрэгтэй', '0', 29, '', 1),
(425, 'ЙП03320314', 'Мөнхбаяр', 'Зулсар', 'Эрэгтэй', '0', 29, '', 1),
(426, 'ЙЙ04281712', 'САНДАГЦОГОО', 'МЯГМАРСҮРЭН', 'Эрэгтэй', '0', 29, '', 1),
(427, 'ЙЮ05321619', 'Гүррагчаа', 'Мөнхдорж', 'Эрэгтэй', '0', 29, '', 1),
(428, 'ЙЗ03320439', 'Сайнжаргал', 'Оюунболд', 'Эрэгтэй', '0', 29, '', 1),
(429, 'ЙС03221011', 'Цэвэлдорж', 'Өсөхбаяр', 'Эрэгтэй', '0', 29, '', 1),
(430, 'ЙЮ01270511', 'Батсуурь', 'Пүрэвбат', 'Эрэгтэй', '0', 29, '', 1),
(431, 'ЙЮ04272936', 'ЭНХСАЙХАН', 'ПҮРЭВОЧИР', 'Эрэгтэй', '0', 29, '', 1),
(432, 'ЙВ04281311', 'Гансүх', 'Рэнцэндаваа', 'Эрэгтэй', '0', 29, '', 1),
(433, 'ЙН04232719', 'Пүрэв', 'Самдан', 'Эрэгтэй', '0', 29, '', 1),
(434, 'ЙЮ04283110', 'Очирсуурь', 'Цэрэнтогтох', 'Эрэгтэй', '0', 29, '', 1),
(435, 'ЙО04242310', 'Давгадорж', 'Чинзориг', 'Эрэгтэй', '0', 29, '', 1),
(436, 'ЙК04212111', 'БЯМБАДОРЖ', 'ЭРДЭНЭБУЛГАН', 'Эрэгтэй', '0', 29, '', 1),
(437, 'ЙВ04311112', 'Пүрэв', 'Эрхэмбаяр', 'Эрэгтэй', '0', 29, '', 1),
(438, 'ЙН06280914', 'Тогмид', 'Баянмөнх', 'Эрэгтэй', '96200608', 5, '', 1),
(439, 'ЙД05273011', 'Энхбаяр', 'Сандагдорж', 'Эрэгтэй', '90334107', 5, '', 1),
(440, 'ЙВ06271218', 'Наранцацрал', 'Тамжид', 'Эрэгтэй', '95763721', 5, '', 1),
(441, 'ЙЮ06280419', 'Батсуурь', 'Батсүрэн', 'Эрэгтэй', '88940413', 5, '', 1),
(442, 'ЙВ06231231', 'Алтансүх', 'Санж-Очир', 'Эрэгтэй', '98590623', 5, '', 1),
(443, 'ЙЮ06282039', 'Энхбаатар', 'Цэрэннадмид', 'Эрэгтэй', '86270820', 5, '', 1),
(444, 'ЙК06270215', 'Насанбат', 'Чингис', 'Эрэгтэй', '99796912', 5, '', 1),
(445, 'ЙК06221616', 'Бямба', 'Норов-Эрдэнэ', 'Эрэгтэй', '88900857', 5, '', 1),
(446, 'ЙВ06232411', 'Намсрай', 'Батнасан', 'Эрэгтэй', '0', 5, '', 1),
(447, 'ЙС06321219', 'Хэнмэдхэв', 'Бат-Эрдэнэ', 'Эрэгтэй', '80130775', 5, '', 1),
(448, 'ЙС06280315', 'Цэвэлдорж', 'Пүрэвбат', 'Эрэгтэй', '0', 5, '', 1),
(449, 'ЙЮ06321614', 'Пүрэвдорж', 'Булганбаяр', 'Эрэгтэй', '0', 5, '', 1),
(450, 'ЙР05292417', 'Өлзийсайхан', 'Доржсамбуу', 'Эрэгтэй', '0', 5, '', 1),
(451, 'ЙН06260219', 'Азжаргал', 'Лхамдаш', 'Эрэгтэй', '89281776', 5, '', 1),
(452, 'ЙГ06271912', 'Жамсран', 'Ганцоож', 'Эрэгтэй', '88688287', 5, '', 1),
(453, 'ЙО06241410', 'Батсүрэн', 'Бат-Эрдэнэ', 'Эрэгтэй', '0', 5, '', 1),
(454, 'ЙД06230511', 'Бат-Эрдэнэ', 'Эрдэнэбаяр', 'Эрэгтэй', '88562408', 5, '', 1),
(455, 'ЙЮ06262917', 'Чулуунпагам', 'Лхам-Өлзий', 'Эрэгтэй', '88326383', 5, '', 1),
(456, 'ЙЛ05321912', 'Ойдовбаатар', 'Лувсандорж', 'Эрэгтэй', '86292005', 5, '', 1),
(457, 'ВВ06212519', 'Дамдиндорлиг', 'Баасандорж', 'Эрэгтэй', '95235138', 5, '', 1),
(458, 'ЗП06291511', 'Батсуурь', 'Дашдэмбэрэл', 'Эрэгтэй', '0', 5, '', 1),
(459, 'ЙЙ05230411', 'Одгэрэл', 'Сундуйжамц', 'Эрэгтэй', '95612889', 5, '', 1),
(460, 'ЙА05310211', 'Мөнх-Ундрах', 'Барсболд', 'Эрэгтэй', '0', 5, '', 1),
(461, 'ВВ06301714', 'Чинбат', 'Батсайхан', 'Эрэгтэй', '0', 5, '', 1),
(462, 'ЙЮ06230156', 'Гантогоо', 'Ихбаяр', 'Эрэгтэй', '91770316', 5, '', 1),
(463, 'ЙЮ04210514', 'Энхтайван', 'Золбаяр', 'Эрэгтэй', '88442882', 5, '', 1),
(464, 'ЙИ06241511', 'Бат', 'Бямбажав', 'Эрэгтэй', '0', 5, '', 1),
(465, 'ЙЙ06260516', 'Дуламдорж', 'Жамсранням', 'Эрэгтэй', '0', 5, '', 1),
(466, 'ЙЙ06292212', 'Мөнх-Эрдэнэ', 'Пүрэвжав', 'Эрэгтэй', '0', 5, '', 1),
(467, 'ЙВ06211431', 'Долоодой', 'Хүрэлсүх', 'Эрэгтэй', '0', 5, '', 1),
(468, 'ЙВ06281819', 'Цогтбаяр', 'Азжаргал', 'Эрэгтэй', '96850047', 3, '', 1),
(469, 'ЙЮ06303012', 'Хишигжаргал', 'Баттулга', 'Эрэгтэй', '96878769', 3, '', 1),
(470, 'ЙГ06260307', 'Болд', 'Гантуяа', 'Эмэгтэй', '89145793', 3, '', 1),
(471, 'ЙЮ06262615', 'Баярмаа', 'Даваажаргал', 'Эрэгтэй', '80068780', 3, '', 1),
(472, 'ЙО06300711', 'Лхагвадулам', 'Доржсамбуу', 'Эрэгтэй', '85746717', 3, '', 1),
(473, 'ЙО06322706', 'Анхбаяр', 'Дүүрэнжаргал', 'Эмэгтэй', '95371993', 3, '', 1),
(474, 'ЙЮ06282107', 'Цэрэнпунцаг', 'Нарангуа', 'Эмэгтэй', '91780821', 3, '', 1),
(475, 'ЙД02250700', 'Батбаатар', 'Номинэрдэнэ', 'Эмэгтэй', '89343733', 3, '', 1),
(476, 'ЙЮ02241906', 'Одсүрэн', 'Мягмарсүрэн', 'Эмэгтэй', '80520256', 3, '', 1),
(477, 'ЙЮ06251204', 'Батчулуун', 'Одонтунгалаг', 'Эмэгтэй', '95401281', 3, '', 1),
(478, 'ЙИ04222204', 'Чимэгбаатар', 'Сарангуа', 'Эмэгтэй', '95113806', 3, '', 1),
(479, 'ЙЮ06271711', 'Хүрэлбаатар', 'Цолмон', 'Эрэгтэй', '99505661', 3, '', 1),
(480, 'ЙЖ06291924', 'Мөнхжаргал', 'Цээрэннадмид', 'Эмэгтэй', '0', 3, '', 1),
(481, 'ЙВ02302106', 'Үүрцайх', 'Эрдэнэцэцэг', 'Эмэгтэй', '80302872', 3, '', 1),
(482, 'ЙБ05301305', 'Алтанцэцэг', 'Цэцэгжаргал', 'Эмэгтэй', '85536651', 3, '', 1),
(483, 'йз06210419', 'Анхбаяр', 'Алтангадас', 'Эрэгтэй', '851428525', 3, '', 1),
(484, 'йю06252744', 'Дэлгэрмаа', 'Уранцэцэг', 'Эмэгтэй', '91300527', 3, '', 1),
(485, 'ЙЮ06302618', 'Энхтайван', 'Баасандорж', 'Эрэгтэй', '88255997', 4, '', 1),
(486, 'ЙА06272812', 'БАДАМХОРОЛ', 'ЦЭДЭНСОДНОМ', 'Эрэгтэй', '89958028', 4, '', 1),
(487, 'УП06302878', 'Баатар', 'Отгонтөгс', 'Эрэгтэй', '80633039', 4, '', 1),
(488, 'ЙН06302919', 'Мөнхбат', 'Давгадорж', 'Эрэгтэй', '94264413', 4, '', 1),
(489, 'ЙА05301611', 'Насантогтох', 'Лхагвадорж', 'Эрэгтэй', '90232229', 4, '', 1),
(490, 'ЙЮ04250439', 'Алтантуяа', 'Билгүүн', 'Эрэгтэй', '0', 4, '', 1),
(491, 'ЙА06211411', 'Чимэг', 'Эрдэнэхүү', 'Эрэгтэй', '89242608', 4, '', 1),
(492, 'ЙЮ06300611', 'Батсуурь', 'Ойдовтангад', 'Эрэгтэй', '95321520', 4, '', 1),
(493, 'ЙИ06222610', 'Баянжаргал', 'Батгэрэл', 'Эрэгтэй', '0', 4, '', 1),
(494, 'ВЛ06232814', 'Минжбадгар', 'Мөнх-Очир', 'Эрэгтэй', '89746263', 4, '', 1),
(495, 'ЙЛ06241411', 'Отгонжаргал', 'Баасанжаргал', 'Эрэгтэй', '96359192', 4, '', 1),
(496, 'ЙД01321902', 'Сүрэн', 'Мянганмэчог', 'Эмэгтэй', '90983090', 4, '', 1),
(497, 'ЙН06212812', 'Нанжир', 'Эрхэмбаяр', 'Эрэгтэй', '0', 4, '', 1),
(498, 'ЙЮ78010430', 'Чулуун', 'Мөнхбат', 'Эрэгтэй', '88992350', 1, '', 1),
(499, 'ЙД04242016', 'Цэрэн', 'Буянболд', 'Эрэгтэй', '80217241', 1, '', 1),
(500, 'ЙТ06320710', 'Батнасан', 'Цамба', 'Эрэгтэй', '86323336', 1, '', 1),
(501, 'ЙЮ06301136', 'Болдбаатар', 'Батбаатар', 'Эрэгтэй', '99446049', 1, '', 1),
(502, 'ЙЮ06260716', 'Сүү-Адъяа', 'Будбилэг', 'Эрэгтэй', '96204099', 1, '', 1),
(503, 'ЙМ06320417', 'Отгонбаяр', 'Балжинням', 'Эрэгтэй', '96828182', 1, '', 1),
(504, 'ЙЮ06302413', 'Цэрэнваанчиг', 'Бэгзсүрэн', 'Эрэгтэй', '95161177', 1, '', 1),
(505, 'ЙЮ06242211', 'Бавуудорж', 'Мөнгөншагай', 'Эрэгтэй', '89205057', 1, '', 1),
(506, 'ЙД06230406', 'Соль', 'Оюумаа', 'Эмэгтэй', '99485410', 1, '', 1),
(507, 'ЙП06212811', 'Сангидорж', 'Батмэнд', 'Эрэгтэй', '88768379', 1, '', 1),
(508, 'ЙЙ06242313', 'Бэхтогтох', 'Нямдаваа', 'Эрэгтэй', '88706832', 1, '', 1),
(509, 'ЙЖ04310615', 'Мөнхтулга', 'Сүхбаатар', 'Эрэгтэй', '99741832', 1, '', 1),
(510, 'ЗЛ05302618', 'Наранбаатар', 'Жавхлан', 'Эрэгтэй', '95929928', 1, '', 1),
(511, 'ЙО06242214', 'Жамбалсүрэн', 'Мөнх-Оргил', 'Эрэгтэй', '85760839', 1, '', 1),
(512, 'ЙО05281317', 'Мөнгөн', 'Чойжамц', 'Эрэгтэй', '99602408', 1, '', 1),
(513, 'ЙП06232512', 'Мөнхдулам', 'Чүнсрэй', 'Эрэгтэй', '98707508', 1, '', 1),
(514, 'ЙЮ04323113', 'Пүрэвсүрэн', 'Шинэбаяр', 'Эрэгтэй', '96414127', 1, '', 1),
(515, 'ЙТ06311517', 'Мөнгөндолгио', 'Бар-Ирвэсбаатар', 'Эрэгтэй', '98180212', 1, '', 1),
(516, 'ЙЛ06262714', 'Мягмарсүрэн', 'Батмөнх', 'Эрэгтэй', '89935716', 1, '', 1),
(517, 'ЙЮ06281719', 'Отгонбаяр', 'Оргилболд', 'Эрэгтэй', '88873961', 1, '', 1),
(518, 'ЙП06251111', 'Хэнмэдхэв', 'Анхбаяр', 'Эрэгтэй', '80217241', 1, '', 1),
(519, 'ЙЮ06251318', 'Данзанчоймбол', 'Буяндорж', 'Эрэгтэй', '96344885', 1, '', 1),
(520, 'ЙО03301111', 'Янжинпүрэв', 'Нямбаатар', 'Эрэгтэй', '94977551', 1, '', 1),
(521, 'ЙД06282512', 'Алтангэрэл', 'Анхбаяр', 'Эрэгтэй', '89565855', 1, '', 1),
(522, 'ЙИ04261137', 'Цолмон', 'Батзориг', 'Эрэгтэй', '90246444', 1, '', 1),
(523, 'ЙЮ05272805', 'Бат-Эрдэнэ', 'Хандсүрэн', 'Эмэгтэй', '90264466', 1, '', 1),
(524, 'ЙЙ06222319', 'Содномцэрэн', 'Бэгзэсосорнод', 'Эрэгтэй', '86184845', 1, '', 1),
(525, 'ЙЖ06302518', 'Төмөр-Очир', 'Золбоот', 'Эрэгтэй', '80777215', 1, '', 1),
(526, 'ЙО06220401', 'Ганболд', 'Алтансарнай', 'Эмэгтэй', '86980204', 10, '', 1),
(527, 'ЙР06302111', 'Намхайнямбуу', 'Амартүвшин', 'Эрэгтэй', '88541334', 10, '', 1),
(528, 'ЙЮ05262210', 'Төмөрчөдөр', 'Анхбаяр', 'Эрэгтэй', '95890621', 10, '', 1),
(529, 'ЙД06240901', 'Бандихүү', 'Ариунхишиг', 'Эмэгтэй', '90730409', 10, '', 1),
(530, 'ЗЛ06272812', 'Ганбаатар', 'Арвинхүү', 'Эрэгтэй', '89992360', 10, '', 1),
(531, 'ГВ06252201', 'Ууганбаяр', 'Баярцэцэг', 'Эмэгтэй', '99230994', 10, '', 1),
(532, 'ЙО06231105', 'Соронзонболд', 'Бямбадолгор', 'Эмэгтэй', '88427071', 10, '', 1),
(533, 'ЙЮ04273107', 'Түмэн-од', 'Бямбацэрэн', 'Эмэгтэй', '88260031', 10, '', 1),
(534, 'ЙО06311700', 'Сайнбилэг', 'Дулмаа', 'Эмэгтэй', '98312949', 10, '', 1),
(535, 'ЙМ05281816', 'Өлзийбаяр', 'Доржзовд', 'Эрэгтэй', '86826102', 10, '', 1),
(536, 'ЙО06312806', 'Баярхүү', 'Мягмарсүрэн', 'Эмэгтэй', '99327890', 10, '', 1),
(537, 'ЙИ06280105', 'Төгсжаргал', 'Мягмарсүрэн', 'Эмэгтэй', '80883260', 10, '', 1),
(538, 'ЙН06212202', 'Дүгэржмаа', 'Нямсүрэн', 'Эмэгтэй', '80822287', 10, '', 1),
(539, 'ЙВ06271007', 'Ганбат', 'Намуунзаяа', 'Эмэгтэй', '96220353', 10, '', 1),
(540, 'ЙЮ06220851', 'Хүрэлхүү', 'Нэргүй', 'Эрэгтэй', '90550307', 10, '', 1),
(541, 'ЙЮ06222029', 'Батчимэг', 'Отгонзаяа', 'Эмэгтэй', '91609888', 10, '', 1),
(542, 'КД05292311', 'Баттөмөр', 'Тамжид', 'Эрэгтэй', '99464923', 10, '', 1),
(543, 'ЙЮ06302407', 'Дарьсүрэн', 'Үржинханд', 'Эмэгтэй', '80687582', 10, '', 1),
(544, 'ЙЮ06231410', 'Зоригтбаатар', 'Эрдэнэцогт', 'Эрэгтэй', '91810314', 10, '', 1),
(545, 'ЙИ05271607', 'Дорж', 'Энх-Амгалан', 'Эмэгтэй', '96074777', 10, '', 1),
(546, 'ЙД03273010', 'Хатанбаатар', 'Энхбат', 'Эрэгтэй', '89738959', 10, '', 1),
(547, 'ЙО06211419', 'Цэрэнбаатар', 'Пүрэвдорж', 'Эрэгтэй', '95867590', 10, '', 1),
(548, 'ЙВ06290516', 'Бямбадолгор', 'Жавхлантамир', 'Эрэгтэй', '95670269', 10, '', 1),
(549, 'ЙЮ02300512', 'Оюун', 'Дашзэвэг', 'Эрэгтэй', '0', 10, '', 1),
(550, 'ЙИ06270809', 'Амарсайхан', 'Отгонсүрэн', 'Эмэгтэй', '80614060', 10, '', 1),
(551, 'ЗЛ06271506', 'Улаанхүү', 'Хишигцогзол', 'Эмэгтэй', '80193938', 10, '', 1),
(552, 'ЙО06281819', 'Даваацэрэн', 'Чулуунтогтох', 'Эрэгтэй', '85743959', 10, '', 1),
(553, 'ЙИ06212305', 'Галбадрах', 'Баярмаа', 'Эмэгтэй', '0', 9, '', 1),
(554, 'ЙО06243001', 'Эрдэнэбаяр', 'нямсүрэн', 'Эмэгтэй', '0', 9, '', 1),
(555, 'ЙЮ06250702', 'Хүрэлбаатар', 'Эрдэнэчимэг', 'Эмэгтэй', '0', 9, '', 1),
(556, 'ЙИ06270205', 'Батбаяр', 'Цэрэнханд', 'Эмэгтэй', '0', 9, '', 1),
(557, 'ЙИ06310501', 'Юндэнбат', 'Хонгорзул', 'Эмэгтэй', '0', 9, '', 1),
(558, 'ЙА06302704', 'Дуламсүрэн', 'Пагамдулам', 'Эмэгтэй', '0', 9, '', 1),
(559, 'ЙМ05251001', 'Өлзиймандах', 'Өлзийхишиг', 'Эмэгтэй', '0', 9, '', 1),
(560, 'ЙА06250104', 'Батсүх', 'Оюунбат', 'Эмэгтэй', '0', 9, '', 1),
(561, 'ЙЮ06241908', 'Наранцэцэг', 'Уранцэцэг', 'Эмэгтэй', '0', 9, '', 1),
(562, 'ЙИ06291607', 'Бат-Эрдэнэ', 'Бямбасүрэн', 'Эмэгтэй', '0', 9, '', 1),
(563, 'ЙД05241007', 'Болд', 'Нямсүрэн', 'Эмэгтэй', '0', 9, '', 1),
(564, 'ЙД06312102', 'Батбаатар', 'Мягмарнаран', 'Эмэгтэй', '0', 9, '', 1),
(565, 'ЙИ06210902', 'Энхбаяр', 'Дүүриймаа', 'Эмэгтэй', '0', 9, '', 1),
(566, 'ЙД05321807', 'Чинбат', 'Дуламсүрэн', 'Эмэгтэй', '0', 9, '', 1),
(567, 'ЙД03302702', 'Энхжаргал', 'ДАВАА', 'Эмэгтэй', '0', 9, '', 1),
(568, 'ЙЮ 0528170', 'Бадамжав', 'Гэрэлт', 'Эмэгтэй', '0', 9, '', 1),
(569, 'ЙД06322521', 'Баярмөнх', 'Одмандах', 'Эмэгтэй', '0', 9, '', 1),
(570, 'ЙЮ06251409', 'Түмэннасан', 'Алтансувд', 'Эмэгтэй', '0', 9, '', 1),
(571, 'ЙП06241106', 'Тогоотогтох', 'Бүжинлхам', 'Эмэгтэй', '89155449', 9, '', 1),
(572, 'ЙЮ01252815', 'Батчимэг', 'Төрболд', 'Эрэгтэй', '95221172', 8, '', 1),
(573, 'ЙО05311306', 'Ширнэншийрэв', 'Алтантуяа', 'Эмэгтэй', '99494078', 8, '', 1),
(574, 'ЙО06251509', 'Шинэбаяр', 'Алтанцэцэг', 'Эмэгтэй', '94824891', 8, '', 1),
(575, 'ЙО06302701', 'Баярмагнай', 'Амин-Эрдэнэ', 'Эмэгтэй', '99630137', 8, '', 1),
(576, 'ЙО05272905', 'Пүрэвбаатар', 'Ариунаа', 'Эмэгтэй', '85899787', 8, '', 1),
(577, 'ЙО06240720', 'Гантөмөр', 'Баасансүрэн', 'Эмэгтэй', '89228785', 8, '', 1),
(578, 'ЙЮ06261321', 'Хатанбаатар', 'Батцэцэг', 'Эмэгтэй', '89910012', 8, '', 1),
(579, 'ЙО06262624', 'Ренчин', 'Даваадолгор', 'Эмэгтэй', '99401943', 8, '', 1),
(580, 'ЙО06280707', 'Дорждаваа', 'Даваадолгор', 'Эмэгтэй', '85866532', 8, '', 1),
(581, 'ЙО06221422', 'Самжаан', 'Лхагважав', 'Эмэгтэй', '88642514', 8, '', 1),
(582, 'ЙС05270608', 'Гантуяа', 'Лхамхорол', 'Эмэгтэй', '88642514', 8, '', 1),
(583, 'ЙН06271621', 'Эрдэнэбат', 'Намжилмаа', 'Эмэгтэй', '88923752', 8, '', 1),
(584, 'ЙИ06311801', 'Нямдорж', 'Насанжаргал', 'Эмэгтэй', '95968801', 8, '', 1),
(585, 'ЙМ06300708', 'Зоригт', 'Нэргүй', 'Эмэгтэй', '99730338', 8, '', 1),
(586, 'ЙЮ06321010', 'Цэрэнхүү', 'Нямбаатар', 'Эрэгтэй', '96230100', 8, '', 1),
(587, 'ЙО06263006', 'Дагва-Ёндон', 'Отгончимэг', 'Эмэгтэй', '0', 8, '', 1),
(588, 'МР06280904', 'Өлзийбадрах', 'Сайнзаяа', 'Эмэгтэй', '95850836', 8, '', 1),
(589, 'ЙЮ06222601', 'Гансүх', 'Сарантуяа', 'Эмэгтэй', '99847752', 8, '', 1),
(590, 'ЙО05242008', 'Дэмбэрэл', 'Сосорбурам', 'Эмэгтэй', '86179265', 8, '', 1),
(591, 'ЙЮ06261013', 'Өлзийбаатар', 'Төгөлдөр', 'Эрэгтэй', '88234674', 8, '', 1),
(592, 'ЙЗ06290907', 'Нарангарав', 'Цэрэнлхам', 'Эмэгтэй', '86866239', 8, '', 1),
(593, 'ЙД06322509', 'Дулам-Очир', 'Хоролсүрэн', 'Эмэгтэй', '88853133', 8, '', 1),
(594, 'ЙД06281206', 'Өлзийбаяр', 'Чулууншүр', 'Эмэгтэй', '88900678', 8, '', 1),
(595, 'ЙИ01322409', 'Маамаа', 'Энхтунгалаг', 'Эмэгтэй', '99322913', 8, '', 1),
(596, 'ЙЮ06310408', 'Өнөрзул', 'Энхлэн', 'Эмэгтэй', '80805656', 8, '', 1),
(597, 'ЙА06230703', 'Батсуурь', 'Мягмарцэцэг', 'Эмэгтэй', '88964792', 8, '', 1),
(598, 'ЗЛ06221801', 'Оюунгэрэл', 'Ууганцэцэг', 'Эмэгтэй', '88697731', 8, '', 1),
(599, 'ЙО07220254', 'Гансүх', 'Цэдмид', 'Эрэгтэй', '85833606', 8, '', 1),
(600, 'ЙЮ06293034', 'Баттөмөр', 'Тэмүүжин', 'Эрэгтэй', '80325560', 8, '', 1),
(601, 'йд06280123', 'Шинэдорж', 'Насанжаргал', 'Эмэгтэй', '95437695', 6, '', 1),
(602, 'йд04261918', 'Бат-Эрдэнэ', 'Заяабаатар', 'Эрэгтэй', '0', 6, '', 1),
(603, 'йм05262011', 'Амьбөх', 'Барсхүлэгтбаатар', 'Эрэгтэй', '95807916', 6, '', 1),
(604, 'йю06260910', 'Ринчиндорж', 'Мөнхбаяр', 'Эрэгтэй', '88462771', 6, '', 1),
(605, 'йо06213113', 'Ганбаатар', 'Балжинням', 'Эрэгтэй', '89421789', 6, '', 1),
(606, 'йд06252618', 'Ойдовгүнчин', 'Саяннямбуу', 'Эрэгтэй', '99585906', 6, '', 1),
(607, 'ЗЛ06252613', 'Алтантогос', 'Цолмонбаатар', 'Эрэгтэй', '85259429', 6, '', 1),
(608, 'йм04242811', 'Алтан-Очир', 'Зэв', 'Эрэгтэй', '99539013', 6, '', 1),
(609, 'йс05262419', 'Анхбаяр', 'Өлзийсугар', 'Эрэгтэй', '80247956', 6, '', 1),
(610, 'йю05233035', 'Чагнаадорж', 'Өлзийсайхан', 'Эрэгтэй', '89862005', 6, '', 1),
(611, 'йи06270912', 'Цэлмэг', 'Рэнцэндорж', 'Эрэгтэй', '80911110', 6, '', 1),
(612, 'йю06251632', 'Мөнх-Очир', 'Бат-Эрдэнэ', 'Эрэгтэй', '99957028', 6, '', 1),
(613, 'йм06222719', 'БОЛДБААТАР', 'БАРСХҮЛЭГБААТАР', 'Эрэгтэй', '91400203', 6, '', 1),
(614, 'ЙЮ07232112', 'Буянтогтох', 'Банзрагч', 'Эрэгтэй', '89940092', 6, '', 1),
(615, 'ЙЙ06230212', 'Мөнхпүрэв', 'Пүрэв', 'Эрэгтэй', '89911006', 6, '', 1),
(616, 'ЙЮ06251611', 'Мөнх-Очир', 'Баяр-Эрдэнэ', 'Эрэгтэй', '99957028', 6, '', 1),
(617, 'ЙК06310110', 'Цэрэнсодном', 'Лувсандавга', 'Эрэгтэй', '86680456', 6, '', 1),
(618, 'ЙЕ06321911', 'Буяннэмэх', 'Баярмагнай', 'Эрэгтэй', '86680456', 6, '', 1),
(619, 'ЙЮ06261156', 'Пүрэвдорж', 'Санжаадамба', 'Эрэгтэй', '88598681', 6, '', 1),
(620, 'ЙМ06221818', 'АЛТАНОЧИР', 'АЛТАНБАГАНА', 'Эрэгтэй', '99472867', 6, '', 1),
(621, 'ЙР06212619', 'Нямжаргал', 'Гантулга', 'Эрэгтэй', '89317299', 6, '', 1),
(622, 'ЙЮ06230919', 'Лхагвасүрэн', 'Элбэгсайхан', 'Эрэгтэй', '80920502', 6, '', 1),
(623, 'ГП06251612', 'Лхагвасүрэн', 'Жанлавцогзол', 'Эрэгтэй', '89433472', 6, '', 1),
(624, 'ЙИ06260915', 'Нэргүй', 'Цэнд-Очир', 'Эрэгтэй', '88396423', 6, '', 1),
(625, 'ЙП06262431', 'Данаажав', 'Ширнэн', 'Эрэгтэй', '88640402', 6, '', 1),
(626, 'ЗЛ06251119', 'Мөнхбаатар', 'Батсүх', 'Эрэгтэй', '85122647', 6, '', 1),
(627, 'ЙС06222717', 'Болор-Эрдэнэ', 'Энхтайван', 'Эрэгтэй', '91270616', 6, '', 1),
(628, 'ЙВ06280314', 'Бат-Эрдэнэ', 'Мөнхдэлгэр', 'Эрэгтэй', '94341079', 6, '', 1),
(629, 'ЙС05301014', 'Болдбаатар', 'Тэмүүлэн', 'Эрэгтэй', '90260001', 6, '', 1),
(630, 'ЙЮ05322315', 'Рагчаабазар', 'Баянжаргал', 'Эрэгтэй', '80228232', 6, '', 1),
(631, 'ЙН06282317', 'Мөнхтуяа', 'Ганчулуун', 'Эрэгтэй', '89317299', 6, '', 1),
(632, 'ЙЮ06221533', 'Баярцогт', 'Лүндаажанцан', 'Эрэгтэй', '96338222', 6, '', 1),
(633, 'ЙМ06302419', 'Түвшинжаргал', 'Азжаргал', 'Эрэгтэй', '99876983', 7, '', 1),
(634, 'ЙО06322119', 'Баярмаа', 'Алтанцоож', 'Эрэгтэй', '94825940', 7, '', 1),
(635, 'ЙЮ06320713', 'Гантулга', 'Ариунбаатар', 'Эрэгтэй', '90331677', 7, '', 1),
(636, 'ЙО06312014', 'Батцэрэн', 'Баатарсүрэн', 'Эрэгтэй', '86606255', 7, '', 1),
(637, 'ЙЮ06232915', 'Батбаяр', 'Барсхүлэгтбаатар', 'Эрэгтэй', '85443321', 7, '', 1),
(638, 'ВЗ06252613', 'Батжаргал', 'Батгэрэл', 'Эрэгтэй', '99610158', 7, '', 1),
(639, 'ЙИ06241617', 'Мөнхбат', 'Бат-Оргил', 'Эрэгтэй', '80835420', 7, '', 1),
(640, 'ЙН06250319', 'Пүрэвсүрэн', 'Баттөр', 'Эрэгтэй', '89642999', 7, '', 1),
(641, 'ЙМ06320212', 'Болдбаатар', 'Бумбацэнд', 'Эрэгтэй', '99328639', 7, '', 1),
(642, 'ЙР06311919', 'Төмөрчөдөр', 'Билэгт-Очир', 'Эрэгтэй', '99860097', 7, '', 1),
(643, 'ЙД06271819', 'Батсайхан', 'Бямбадорж', 'Эрэгтэй', '89870021', 7, '', 1),
(644, 'ЙК06270819', 'Сумъяа', 'Ганбат', 'Эрэгтэй', '88962465', 7, '', 1),
(645, 'ЙЮ06301438', 'Шийлэгмаа', 'Ган-Очир', 'Эрэгтэй', '99328129', 7, '', 1),
(646, 'ЙИ06290410', 'Охинтогтох', 'Ганчөдөр', 'Эрэгтэй', '96755222', 7, '', 1),
(647, 'ЙЮ06222217', 'Баяржаргал', 'Гүндсамбуу', 'Эрэгтэй', '88053073', 7, '', 1),
(648, 'ЙЖ06211812', 'Оюун', 'Дорждавга', 'Эрэгтэй', '88937912', 7, '', 1),
(649, 'ЙЙ06250519', 'Энхжаргал', 'Занданбат', 'Эрэгтэй', '88953700', 7, '', 1);
INSERT INTO `students` (`id`, `code`, `fname`, `lname`, `gender`, `phone`, `class`, `pass`, `tuluv`) VALUES
(650, 'ЙЙ05321710', 'Батсүх', 'Мөнхбилгүүн', 'Эрэгтэй', '80741217', 7, '', 1),
(651, 'ЙО06242516', 'Цэрэндолгор', 'Мягмардорж', 'Эрэгтэй', '90408777', 7, '', 1),
(652, 'ЙК06301413', 'Цэрэннадмид', 'Насантогтох', 'Эрэгтэй', '80152162', 7, '', 1),
(653, 'ЙД05260516', 'Нэргүйцэцэг', 'Нямдаваа', 'Эрэгтэй', '99328639', 7, '', 1),
(654, 'ЙЖ06241415', 'Төмөр-Очир', 'Нямдаваа', 'Эрэгтэй', '99715803', 7, '', 1),
(655, 'ЙВ06222414', 'Зоригт', 'Одгэрэл', 'Эрэгтэй', '91339369', 7, '', 1),
(656, 'ЙТ06312711', 'Энхцэцэг', 'Оргилбат', 'Эрэгтэй', '80660302', 7, '', 1),
(657, 'ЙЮ06301113', 'Даваапунцаг', 'Отгонбаяр', 'Эрэгтэй', '95382024', 7, '', 1),
(658, 'ЙО06290710', 'Ариунболд', 'Өсөх-Ирээдүй', 'Эрэгтэй', '89625020', 7, '', 1),
(659, 'ЙЮ06251159', 'Даваасүрэн', 'Пүрэвдорж', 'Эрэгтэй', '85311086', 7, '', 1),
(660, 'ЙА06212411', 'Нарангэрэл', 'Санжидмолом', 'Эрэгтэй', '90987247', 7, '', 1),
(661, 'ЙО06252912', 'Энхтогтох', 'Цог-Эрдэнэ', 'Эрэгтэй', '89984223', 7, '', 1),
(662, 'ЙР06250719', 'Амарсайхан', 'Энхсайхан', 'Эрэгтэй', '90273959', 7, '', 1),
(663, 'ЙИ06290518', 'Хишигдэмбэрэл', 'Мягмарнаран', 'Эрэгтэй', '89691311', 7, '', 1),
(664, 'ЙЙ06243011', 'Бат-Очир', 'Билгүүн', 'Эрэгтэй', '88515670', 7, '', 1),
(665, 'ЙВ06300500', 'Бүүвэйбаатар', 'Алтанцэцэг', 'Эмэгтэй', '95968457', 11, '', 1),
(666, 'ЙО06212018', 'Батчулуун', 'Баасанжаргал', 'Эрэгтэй', '80488894', 11, '', 1),
(667, 'ЙД06281816', 'Шажинбат', 'Бат-Эрдэнэ', 'Эрэгтэй', '80422284', 11, '', 1),
(668, 'МФ06312605', 'Батбаяр', 'Баярцэцэг', 'Эмэгтэй', '80421126', 11, '', 1),
(669, 'ЙД06302709', 'Шинэбаяр', 'Болороо', 'Эмэгтэй', '95659939', 11, '', 1),
(670, 'ЙП06271228', 'Пүрэвжаргал', 'Бүжинлхам', 'Эмэгтэй', '89135902', 11, '', 1),
(671, 'ЙЮ04242347', 'Болдбаатар', 'Бүжинлхам', 'Эмэгтэй', '80558958', 11, '', 1),
(672, 'ЙЖ06262606', 'Эрдэнэчимэг', 'Дулмаа', 'Эмэгтэй', '80602606', 11, '', 1),
(673, 'ЙЮ04292126', 'Лүндээжанцан', 'Дэлгэрмөрөн', 'Эмэгтэй', '88767708', 11, '', 1),
(674, 'ЙП06253101', 'Жамъяндагва', 'Лхагвасүрэн', 'Эмэгтэй', '0', 11, '', 1),
(675, 'ЙЮ06222405', 'Мөнхзул', 'Номин-Эрдэнэ', 'Эмэгтэй', '0', 11, '', 1),
(676, 'ВЮ05291407', 'Тарвачамба', 'Номин-Эрдэнэ', 'Эмэгтэй', '0', 11, '', 1),
(677, 'ЙО06310400', 'Маналсүрэн', 'Нянсандолгор', 'Эмэгтэй', '89585467', 11, '', 1),
(678, 'ЙИ06322511', 'Болд', 'Одбаяр', 'Эрэгтэй', '89140110', 11, '', 1),
(679, 'ЙИ06293016', 'Энхбат', 'Хатанбаатар', 'Эрэгтэй', '88470104', 11, '', 1),
(680, 'ЙВ06252604', 'Энхбаатар', 'Солонго', 'Эмэгтэй', '91717846', 11, '', 1),
(681, 'ЙГ05282701', 'Даваажав', 'Цолмон', 'Эмэгтэй', '99630726', 11, '', 1),
(682, 'ЙА06232203', 'Доржхорлоо', 'Энхмэнд', 'Эмэгтэй', '89235298', 11, '', 1),
(683, 'ГП06320466', 'Чимэдроолон', 'Саранчимэг', 'Эмэгтэй', '80444106', 11, '', 1),
(684, 'ЙД06222411', 'Алтангэрэл', 'Өсөх-Ирээдүй', 'Эрэгтэй', '85789735', 11, '', 1),
(685, 'ЙВ06322307', 'Цэдэндорж', 'Батчимэг', 'Эмэгтэй', '80843833', 11, '', 1),
(686, 'ЙЮ06252903', 'Бадрангуй', 'Болормаа', 'Эмэгтэй', '96552818', 11, '', 1),
(687, 'ЙЮ06300212', 'Батбаяр', 'Энх-Амар', 'Эрэгтэй', '95786526', 11, '', 1);

-- --------------------------------------------------------

--
-- Table structure for table `tclass`
--

DROP TABLE IF EXISTS `tclass`;
CREATE TABLE IF NOT EXISTS `tclass` (
  `id` int NOT NULL AUTO_INCREMENT,
  `tid` int NOT NULL,
  `classid` int NOT NULL,
  PRIMARY KEY (`id`)
) ENGINE=MyISAM AUTO_INCREMENT=18 DEFAULT CHARSET=utf8mb3 COLLATE=utf8_unicode_ci;

--
-- Dumping data for table `tclass`
--

INSERT INTO `tclass` (`id`, `tid`, `classid`) VALUES
(13, 1, 5),
(8, 1, 9),
(12, 1, 4),
(16, 4, 1),
(17, 4, 5);

-- --------------------------------------------------------

--
-- Table structure for table `teacher`
--

DROP TABLE IF EXISTS `teacher`;
CREATE TABLE IF NOT EXISTS `teacher` (
  `id` int NOT NULL AUTO_INCREMENT,
  `fname` varchar(50) CHARACTER SET utf8 COLLATE utf8_unicode_ci NOT NULL,
  `lname` varchar(50) CHARACTER SET utf8 COLLATE utf8_unicode_ci NOT NULL,
  `phone` varchar(50) CHARACTER SET utf8 COLLATE utf8_unicode_ci NOT NULL,
  `email` varchar(50) CHARACTER SET utf8 COLLATE utf8_unicode_ci DEFAULT NULL,
  `at` varchar(50) CHARACTER SET utf8 COLLATE utf8_unicode_ci DEFAULT NULL,
  `pass` varchar(50) CHARACTER SET utf8 COLLATE utf8_unicode_ci NOT NULL,
  `user_role` int NOT NULL,
  `tuluv` int NOT NULL,
  PRIMARY KEY (`id`)
) ENGINE=InnoDB AUTO_INCREMENT=7 DEFAULT CHARSET=utf8mb3 COLLATE=utf8_unicode_ci;

--
-- Dumping data for table `teacher`
--

INSERT INTO `teacher` (`id`, `fname`, `lname`, `phone`, `email`, `at`, `pass`, `user_role`, `tuluv`) VALUES
(1, 'Жавхлан', 'Бат-Ирээдүй', '88992842', 'batireedui@uvcollege.edu.mn', 'Багш, мэдээллийн технологийн', '88992842', 1, 1),
(2, 'Бадам', 'Оюумаа', '99909814', 'j.batireedui@gmail.com', 'Арга зүйч', '99909814', 3, 1),
(3, 'Оросоо', 'Гиваапил', '99061006', 'batireedui@uvcollege.edu.mn', 'Багш', '123', 1, 1),
(4, 'Сүхбаатах', 'Баасансүрэн', '99692004', '', 'Багш', '99692004', 1, 1),
(5, 'Тогтохдорж', 'Пагамдулам', '91119572', '', 'Багш', '91119572', 1, 1);

-- --------------------------------------------------------

--
-- Table structure for table `tlesson`
--

DROP TABLE IF EXISTS `tlesson`;
CREATE TABLE IF NOT EXISTS `tlesson` (
  `id` int NOT NULL AUTO_INCREMENT,
  `tid` int NOT NULL,
  `lessonName` varchar(200) CHARACTER SET utf8 COLLATE utf8_unicode_ci NOT NULL,
  `cag` int DEFAULT NULL,
  `tuluv` tinyint(1) NOT NULL,
  PRIMARY KEY (`id`)
) ENGINE=InnoDB AUTO_INCREMENT=12 DEFAULT CHARSET=utf8mb3 COLLATE=utf8_unicode_ci;

--
-- Dumping data for table `tlesson`
--

INSERT INTO `tlesson` (`id`, `tid`, `lessonName`, `cag`, `tuluv`) VALUES
(1, 1, 'Програмчлалын хэл СИ', 72, 1),
(5, 2, 'Авто', 120, 1),
(6, 2, 'Хөдөлгүүр', 10, 1),
(10, 1, 'Мультимедиа технологи ашиглах', 90, 1),
(11, 4, 'Мэдээллийн технологи', 36, 1);
COMMIT;

/*!40101 SET CHARACTER_SET_CLIENT=@OLD_CHARACTER_SET_CLIENT */;
/*!40101 SET CHARACTER_SET_RESULTS=@OLD_CHARACTER_SET_RESULTS */;
/*!40101 SET COLLATION_CONNECTION=@OLD_COLLATION_CONNECTION */;
