-- phpMyAdmin SQL Dump
-- version 5.0.2
-- https://www.phpmyadmin.net/
--
-- Host: 127.0.0.1:3306
-- Generation Time: Sep 08, 2023 at 06:05 AM
-- Server version: 5.7.31
-- PHP Version: 7.4.9

SET SQL_MODE = "NO_AUTO_VALUE_ON_ZERO";
START TRANSACTION;
SET time_zone = "+00:00";


/*!40101 SET @OLD_CHARACTER_SET_CLIENT=@@CHARACTER_SET_CLIENT */;
/*!40101 SET @OLD_CHARACTER_SET_RESULTS=@@CHARACTER_SET_RESULTS */;
/*!40101 SET @OLD_COLLATION_CONNECTION=@@COLLATION_CONNECTION */;
/*!40101 SET NAMES utf8mb4 */;

--
-- Database: `collegeapi`
--

-- --------------------------------------------------------

--
-- Table structure for table `att`
--

DROP TABLE IF EXISTS `att`;
CREATE TABLE IF NOT EXISTS `att` (
  `id` int(11) NOT NULL AUTO_INCREMENT,
  `classid` int(11) NOT NULL,
  `tid` int(11) NOT NULL,
  `lessonid` int(11) NOT NULL,
  `ognoo` date NOT NULL,
  `cagid` int(11) NOT NULL,
  `irc` json NOT NULL,
  `emoj` json DEFAULT NULL,
  `bich` datetime NOT NULL,
  `sedev` text COLLATE utf8_unicode_ci NOT NULL,
  `niit` int(11) NOT NULL,
  `v1` int(11) NOT NULL,
  `v2` int(11) NOT NULL,
  `v3` int(11) NOT NULL,
  `v4` int(11) NOT NULL,
  `tuluv` int(11) DEFAULT NULL,
  PRIMARY KEY (`id`)
) ENGINE=MyISAM AUTO_INCREMENT=9 DEFAULT CHARSET=utf8 COLLATE=utf8_unicode_ci;

--
-- Dumping data for table `att`
--

INSERT INTO `att` (`id`, `classid`, `tid`, `lessonid`, `ognoo`, `cagid`, `irc`, `emoj`, `bich`, `sedev`, `niit`, `v1`, `v2`, `v3`, `v4`, `tuluv`) VALUES
(1, 1, 42, 1, '2023-09-07', 1, '[{\"id\": \"498\", \"val\": \"1\"}, {\"id\": \"499\", \"val\": \"1\"}, {\"id\": \"500\", \"val\": \"1\"}, {\"id\": \"501\", \"val\": \"1\"}, {\"id\": \"502\", \"val\": \"1\"}, {\"id\": \"503\", \"val\": \"1\"}, {\"id\": \"504\", \"val\": \"1\"}, {\"id\": \"505\", \"val\": \"1\"}, {\"id\": \"506\", \"val\": \"1\"}, {\"id\": \"507\", \"val\": \"1\"}, {\"id\": \"508\", \"val\": \"1\"}, {\"id\": \"509\", \"val\": \"3\"}, {\"id\": \"510\", \"val\": \"1\"}, {\"id\": \"511\", \"val\": \"3\"}, {\"id\": \"512\", \"val\": \"1\"}, {\"id\": \"513\", \"val\": \"1\"}, {\"id\": \"514\", \"val\": \"1\"}, {\"id\": \"515\", \"val\": \"1\"}, {\"id\": \"516\", \"val\": \"1\"}, {\"id\": \"517\", \"val\": \"1\"}, {\"id\": \"518\", \"val\": \"4\"}, {\"id\": \"519\", \"val\": \"1\"}, {\"id\": \"520\", \"val\": \"4\"}, {\"id\": \"521\", \"val\": \"1\"}, {\"id\": \"522\", \"val\": \"1\"}, {\"id\": \"523\", \"val\": \"1\"}, {\"id\": \"524\", \"val\": \"2\"}, {\"id\": \"525\", \"val\": \"2\"}]', NULL, '2023-09-07 15:41:49', 'Удиртгал', 28, 22, 2, 2, 2, NULL),
(2, 3, 42, 1, '2023-09-07', 3, '[{\"id\": \"468\", \"val\": \"1\"}, {\"id\": \"469\", \"val\": \"1\"}, {\"id\": \"470\", \"val\": \"1\"}, {\"id\": \"471\", \"val\": \"1\"}, {\"id\": \"472\", \"val\": \"1\"}, {\"id\": \"473\", \"val\": \"1\"}, {\"id\": \"474\", \"val\": \"1\"}, {\"id\": \"475\", \"val\": \"1\"}, {\"id\": \"476\", \"val\": \"1\"}, {\"id\": \"477\", \"val\": \"1\"}, {\"id\": \"478\", \"val\": \"1\"}, {\"id\": \"479\", \"val\": \"1\"}, {\"id\": \"480\", \"val\": \"1\"}, {\"id\": \"481\", \"val\": \"1\"}, {\"id\": \"482\", \"val\": \"4\"}, {\"id\": \"483\", \"val\": \"4\"}, {\"id\": \"484\", \"val\": \"1\"}]', NULL, '2023-09-07 15:45:23', '', 17, 15, 0, 0, 2, NULL),
(3, 3, 42, 1, '2023-09-07', 4, '[{\"id\": \"468\", \"val\": \"1\"}, {\"id\": \"469\", \"val\": \"1\"}, {\"id\": \"470\", \"val\": \"1\"}, {\"id\": \"471\", \"val\": \"1\"}, {\"id\": \"472\", \"val\": \"1\"}, {\"id\": \"473\", \"val\": \"1\"}, {\"id\": \"474\", \"val\": \"1\"}, {\"id\": \"475\", \"val\": \"1\"}, {\"id\": \"476\", \"val\": \"1\"}, {\"id\": \"477\", \"val\": \"1\"}, {\"id\": \"478\", \"val\": \"1\"}, {\"id\": \"479\", \"val\": \"1\"}, {\"id\": \"480\", \"val\": \"1\"}, {\"id\": \"481\", \"val\": \"3\"}, {\"id\": \"482\", \"val\": \"1\"}, {\"id\": \"483\", \"val\": \"1\"}, {\"id\": \"484\", \"val\": \"3\"}]', NULL, '2023-09-07 19:11:49', '', 17, 15, 0, 2, 0, NULL),
(4, 1, 42, 1, '2023-09-08', 1, '[{\"id\": \"498\", \"val\": \"1\"}, {\"id\": \"499\", \"val\": \"1\"}, {\"id\": \"500\", \"val\": \"1\"}, {\"id\": \"501\", \"val\": \"1\"}, {\"id\": \"502\", \"val\": \"1\"}, {\"id\": \"503\", \"val\": \"1\"}, {\"id\": \"504\", \"val\": \"1\"}, {\"id\": \"505\", \"val\": \"1\"}, {\"id\": \"506\", \"val\": \"3\"}, {\"id\": \"507\", \"val\": \"3\"}, {\"id\": \"508\", \"val\": \"4\"}, {\"id\": \"509\", \"val\": \"4\"}, {\"id\": \"510\", \"val\": \"1\"}, {\"id\": \"511\", \"val\": \"1\"}, {\"id\": \"512\", \"val\": \"1\"}, {\"id\": \"513\", \"val\": \"1\"}, {\"id\": \"514\", \"val\": \"1\"}, {\"id\": \"515\", \"val\": \"1\"}, {\"id\": \"516\", \"val\": \"1\"}, {\"id\": \"517\", \"val\": \"1\"}, {\"id\": \"518\", \"val\": \"1\"}, {\"id\": \"519\", \"val\": \"1\"}, {\"id\": \"520\", \"val\": \"1\"}, {\"id\": \"521\", \"val\": \"1\"}, {\"id\": \"522\", \"val\": \"1\"}, {\"id\": \"523\", \"val\": \"1\"}, {\"id\": \"524\", \"val\": \"1\"}, {\"id\": \"525\", \"val\": \"1\"}]', NULL, '2023-09-08 09:55:05', '', 28, 24, 0, 2, 2, NULL),
(5, 1, 42, 1, '2023-09-08', 3, '[{\"id\": \"498\", \"val\": \"1\"}, {\"id\": \"499\", \"val\": \"1\"}, {\"id\": \"500\", \"val\": \"3\"}, {\"id\": \"501\", \"val\": \"3\"}, {\"id\": \"502\", \"val\": \"1\"}, {\"id\": \"503\", \"val\": \"1\"}, {\"id\": \"504\", \"val\": \"1\"}, {\"id\": \"505\", \"val\": \"1\"}, {\"id\": \"506\", \"val\": \"1\"}, {\"id\": \"507\", \"val\": \"1\"}, {\"id\": \"508\", \"val\": \"1\"}, {\"id\": \"509\", \"val\": \"1\"}, {\"id\": \"510\", \"val\": \"1\"}, {\"id\": \"511\", \"val\": \"1\"}, {\"id\": \"512\", \"val\": \"1\"}, {\"id\": \"513\", \"val\": \"1\"}, {\"id\": \"514\", \"val\": \"1\"}, {\"id\": \"515\", \"val\": \"1\"}, {\"id\": \"516\", \"val\": \"1\"}, {\"id\": \"517\", \"val\": \"1\"}, {\"id\": \"518\", \"val\": \"1\"}, {\"id\": \"519\", \"val\": \"1\"}, {\"id\": \"520\", \"val\": \"1\"}, {\"id\": \"521\", \"val\": \"1\"}, {\"id\": \"522\", \"val\": \"1\"}, {\"id\": \"523\", \"val\": \"1\"}, {\"id\": \"524\", \"val\": \"1\"}, {\"id\": \"525\", \"val\": \"1\"}]', NULL, '2023-09-08 09:59:22', '', 28, 26, 0, 2, 0, NULL),
(7, 1, 42, 1, '2023-09-08', 4, '[{\"id\": \"498\", \"val\": \"1\"}, {\"id\": \"499\", \"val\": \"1\"}, {\"id\": \"500\", \"val\": \"1\"}, {\"id\": \"501\", \"val\": \"4\"}, {\"id\": \"502\", \"val\": \"4\"}, {\"id\": \"503\", \"val\": \"1\"}, {\"id\": \"504\", \"val\": \"1\"}, {\"id\": \"505\", \"val\": \"1\"}, {\"id\": \"506\", \"val\": \"1\"}, {\"id\": \"507\", \"val\": \"1\"}, {\"id\": \"508\", \"val\": \"1\"}, {\"id\": \"509\", \"val\": \"1\"}, {\"id\": \"510\", \"val\": \"1\"}, {\"id\": \"511\", \"val\": \"1\"}, {\"id\": \"512\", \"val\": \"1\"}, {\"id\": \"513\", \"val\": \"1\"}, {\"id\": \"514\", \"val\": \"1\"}, {\"id\": \"515\", \"val\": \"1\"}, {\"id\": \"516\", \"val\": \"1\"}, {\"id\": \"517\", \"val\": \"1\"}, {\"id\": \"518\", \"val\": \"1\"}, {\"id\": \"519\", \"val\": \"1\"}, {\"id\": \"520\", \"val\": \"1\"}, {\"id\": \"521\", \"val\": \"1\"}, {\"id\": \"522\", \"val\": \"1\"}, {\"id\": \"523\", \"val\": \"1\"}, {\"id\": \"524\", \"val\": \"1\"}, {\"id\": \"525\", \"val\": \"1\"}]', NULL, '2023-09-08 11:41:42', '', 28, 26, 0, 0, 2, NULL),
(8, 1, 42, 2, '2023-09-08', 5, '[{\"id\": \"498\", \"val\": \"1\"}, {\"id\": \"499\", \"val\": \"1\"}, {\"id\": \"500\", \"val\": \"1\"}, {\"id\": \"501\", \"val\": \"1\"}, {\"id\": \"502\", \"val\": \"1\"}, {\"id\": \"503\", \"val\": \"1\"}, {\"id\": \"504\", \"val\": \"1\"}, {\"id\": \"505\", \"val\": \"1\"}, {\"id\": \"506\", \"val\": \"1\"}, {\"id\": \"507\", \"val\": \"1\"}, {\"id\": \"508\", \"val\": \"1\"}, {\"id\": \"509\", \"val\": \"1\"}, {\"id\": \"510\", \"val\": \"1\"}, {\"id\": \"511\", \"val\": \"1\"}, {\"id\": \"512\", \"val\": \"1\"}, {\"id\": \"513\", \"val\": \"1\"}, {\"id\": \"514\", \"val\": \"1\"}, {\"id\": \"515\", \"val\": \"1\"}, {\"id\": \"516\", \"val\": \"1\"}, {\"id\": \"517\", \"val\": \"1\"}, {\"id\": \"518\", \"val\": \"1\"}, {\"id\": \"519\", \"val\": \"1\"}, {\"id\": \"520\", \"val\": \"1\"}, {\"id\": \"521\", \"val\": \"1\"}, {\"id\": \"522\", \"val\": \"1\"}, {\"id\": \"523\", \"val\": \"1\"}, {\"id\": \"524\", \"val\": \"1\"}, {\"id\": \"525\", \"val\": \"1\"}]', NULL, '2023-09-08 11:41:57', '', 28, 28, 0, 0, 0, NULL);

-- --------------------------------------------------------

--
-- Table structure for table `cag`
--

DROP TABLE IF EXISTS `cag`;
CREATE TABLE IF NOT EXISTS `cag` (
  `id` int(11) NOT NULL AUTO_INCREMENT,
  `name` varchar(10) COLLATE utf8_unicode_ci NOT NULL,
  `inter` varchar(15) COLLATE utf8_unicode_ci NOT NULL,
  PRIMARY KEY (`id`)
) ENGINE=MyISAM AUTO_INCREMENT=9 DEFAULT CHARSET=utf8 COLLATE=utf8_unicode_ci;

--
-- Dumping data for table `cag`
--

INSERT INTO `cag` (`id`, `name`, `inter`) VALUES
(1, '1-р цаг', '08:00-09:20'),
(2, '2-р цаг', '09:25-10:45'),
(3, '3-р цаг', '10:50-12:10'),
(4, '4-р цаг', '12:15-13:35'),
(5, '5-р цаг', '14:00-15:20'),
(6, '6-р цаг', '15:25-16:45'),
(7, '7-р цаг', '16:50-18:10'),
(8, '8-р цаг', '18:15-19:35');

-- --------------------------------------------------------

--
-- Table structure for table `class`
--

DROP TABLE IF EXISTS `class`;
CREATE TABLE IF NOT EXISTS `class` (
  `id` int(11) NOT NULL AUTO_INCREMENT,
  `sname` varchar(20) COLLATE utf8_unicode_ci NOT NULL,
  `name` varchar(100) COLLATE utf8_unicode_ci NOT NULL,
  `hugacaa` double NOT NULL,
  `tuluv` int(11) NOT NULL,
  `teacherid` int(11) NOT NULL,
  PRIMARY KEY (`id`)
) ENGINE=MyISAM AUTO_INCREMENT=32 DEFAULT CHARSET=utf8 COLLATE=utf8_unicode_ci;

--
-- Dumping data for table `class`
--

INSERT INTO `class` (`id`, `sname`, `name`, `hugacaa`, `tuluv`, `teacherid`) VALUES
(1, '3-1', 'Барилгын цахилгаанчин', 3, 1, 39),
(3, '3-2', 'Барилгын засал чимэглэлчин', 3, 1, 3),
(4, '3-3', 'Барилгын өрөг угсрагч', 3, 1, 4),
(5, '3-4', 'Автомашины засварчин', 2.5, 1, 3),
(6, '3-5', 'Хүнд машин механизмын засварчин', 3, 1, 5),
(7, '3-6', 'Хүнд машин механизмын засварчин', 3, 1, 4),
(8, '3-7', 'Тогооч', 3, 1, 3),
(9, '3-8', 'Оёмол бүтээгдэхүүний оёдолчин', 2.5, 1, 0),
(10, '3-9', 'Компьютерын оператор', 2.5, 1, 0),
(11, '3-10', 'Хэвлэлийн график дизайнч ', 2.5, 1, 0);

-- --------------------------------------------------------

--
-- Table structure for table `loginlog`
--

DROP TABLE IF EXISTS `loginlog`;
CREATE TABLE IF NOT EXISTS `loginlog` (
  `user` int(11) NOT NULL,
  `hezee` datetime NOT NULL,
  `device` text COLLATE utf8_unicode_ci NOT NULL,
  `ip` text COLLATE utf8_unicode_ci NOT NULL
) ENGINE=MyISAM DEFAULT CHARSET=utf8 COLLATE=utf8_unicode_ci;

--
-- Dumping data for table `loginlog`
--

INSERT INTO `loginlog` (`user`, `hezee`, `device`, `ip`) VALUES
(42, '2023-09-07 14:23:43', 'Mozilla/5.0 (Windows NT 10.0; Win64; x64) AppleWebKit/537.36 (KHTML, like Gecko) Chrome/116.0.0.0 Safari/537.36 Edg/116.0.1938.69', '::1'),
(9, '2023-09-07 15:08:14', 'Mozilla/5.0 (Windows NT 10.0; Win64; x64) AppleWebKit/537.36 (KHTML, like Gecko) Chrome/116.0.0.0 Safari/537.36 Edg/116.0.1938.69', '::1'),
(42, '2023-09-07 15:41:27', 'Mozilla/5.0 (Windows NT 10.0; Win64; x64; rv:109.0) Gecko/20100101 Firefox/116.0', '::1'),
(42, '2023-09-07 18:51:51', 'Mozilla/5.0 (Windows NT 10.0; Win64; x64) AppleWebKit/537.36 (KHTML, like Gecko) Chrome/116.0.0.0 Safari/537.36 Edg/116.0.1938.69', '::1'),
(42, '2023-09-08 09:49:22', 'Mozilla/5.0 (Windows NT 10.0; Win64; x64) AppleWebKit/537.36 (KHTML, like Gecko) Chrome/116.0.0.0 Safari/537.36 Edg/116.0.1938.69', '::1'),
(9, '2023-09-08 09:54:36', 'Mozilla/5.0 (Windows NT 10.0; Win64; x64; rv:109.0) Gecko/20100101 Firefox/117.0', '::1');

-- --------------------------------------------------------

--
-- Table structure for table `students`
--

DROP TABLE IF EXISTS `students`;
CREATE TABLE IF NOT EXISTS `students` (
  `id` int(11) NOT NULL AUTO_INCREMENT,
  `code` varchar(10) COLLATE utf8_unicode_ci DEFAULT NULL,
  `fname` varchar(50) COLLATE utf8_unicode_ci NOT NULL,
  `lname` varchar(50) COLLATE utf8_unicode_ci NOT NULL,
  `gender` varchar(10) COLLATE utf8_unicode_ci NOT NULL,
  `phone` varchar(20) COLLATE utf8_unicode_ci NOT NULL,
  `class` int(11) NOT NULL,
  `pass` varchar(50) COLLATE utf8_unicode_ci DEFAULT NULL,
  `tuluv` int(11) NOT NULL,
  PRIMARY KEY (`id`)
) ENGINE=MyISAM AUTO_INCREMENT=689 DEFAULT CHARSET=utf8 COLLATE=utf8_unicode_ci;

--
-- Dumping data for table `students`
--

INSERT INTO `students` (`id`, `code`, `fname`, `lname`, `gender`, `phone`, `class`, `pass`, `tuluv`) VALUES
(438, 'ЙН06280914', 'Тогмид', 'Баянмөнх', 'Эрэгтэй', '96200608', 5, '', 1),
(439, 'ЙД05273011', 'Энхбаяр', 'Сандагдорж', 'Эрэгтэй', '90334107', 5, '', 1),
(440, 'ЙВ06271218', 'Наранцацрал', 'Тамжид', 'Эрэгтэй', '95763721', 5, '', 1),
(441, 'ЙЮ06280419', 'Батсуурь', 'Батсүрэн', 'Эрэгтэй', '88940413', 5, '', 1),
(442, 'ЙВ06231231', 'Алтансүх', 'Санж-Очир', 'Эрэгтэй', '98590623', 5, '', 1),
(443, 'ЙЮ06282039', 'Энхбаатар', 'Цэрэннадмид', 'Эрэгтэй', '86270820', 5, '', 1),
(444, 'ЙК06270215', 'Насанбат', 'Чингис', 'Эрэгтэй', '99796912', 5, '', 1),
(445, 'ЙК06221616', 'Бямба', 'Норов-Эрдэнэ', 'Эрэгтэй', '88900857', 5, '', 1),
(446, 'ЙВ06232411', 'Намсрай', 'Батнасан', 'Эрэгтэй', '0', 5, '', 1),
(447, 'ЙС06321219', 'Хэнмэдхэв', 'Бат-Эрдэнэ', 'Эрэгтэй', '80130775', 5, '', 1),
(448, 'ЙС06280315', 'Цэвэлдорж', 'Пүрэвбат', 'Эрэгтэй', '0', 5, '', 1),
(449, 'ЙЮ06321614', 'Пүрэвдорж', 'Булганбаяр', 'Эрэгтэй', '0', 5, '', 1),
(450, 'ЙР05292417', 'Өлзийсайхан', 'Доржсамбуу', 'Эрэгтэй', '0', 5, '', 1),
(451, 'ЙН06260219', 'Азжаргал', 'Лхамдаш', 'Эрэгтэй', '89281776', 5, '', 1),
(452, 'ЙГ06271912', 'Жамсран', 'Ганцоож', 'Эрэгтэй', '88688287', 5, '', 1),
(453, 'ЙО06241410', 'Батсүрэн', 'Бат-Эрдэнэ', 'Эрэгтэй', '0', 5, '', 1),
(454, 'ЙД06230511', 'Бат-Эрдэнэ', 'Эрдэнэбаяр', 'Эрэгтэй', '88562408', 5, '', 1),
(455, 'ЙЮ06262917', 'Чулуунпагам', 'Лхам-Өлзий', 'Эрэгтэй', '88326383', 5, '', 1),
(456, 'ЙЛ05321912', 'Ойдовбаатар', 'Лувсандорж', 'Эрэгтэй', '86292005', 5, '', 1),
(457, 'ВВ06212519', 'Дамдиндорлиг', 'Баасандорж', 'Эрэгтэй', '95235138', 5, '', 1),
(458, 'ЗП06291511', 'Батсуурь', 'Дашдэмбэрэл', 'Эрэгтэй', '0', 5, '', 1),
(459, 'ЙЙ05230411', 'Одгэрэл', 'Сундуйжамц', 'Эрэгтэй', '95612889', 5, '', 1),
(460, 'ЙА05310211', 'Мөнх-Ундрах', 'Барсболд', 'Эрэгтэй', '0', 5, '', 1),
(461, 'ВВ06301714', 'Чинбат', 'Батсайхан', 'Эрэгтэй', '0', 5, '', 1),
(462, 'ЙЮ06230156', 'Гантогоо', 'Ихбаяр', 'Эрэгтэй', '91770316', 5, '', 1),
(463, 'ЙЮ04210514', 'Энхтайван', 'Золбаяр', 'Эрэгтэй', '88442882', 5, '', 1),
(464, 'ЙИ06241511', 'Бат', 'Бямбажав', 'Эрэгтэй', '0', 5, '', 1),
(465, 'ЙЙ06260516', 'Дуламдорж', 'Жамсранням', 'Эрэгтэй', '0', 5, '', 1),
(466, 'ЙЙ06292212', 'Мөнх-Эрдэнэ', 'Пүрэвжав', 'Эрэгтэй', '0', 5, '', 1),
(467, 'ЙВ06211431', 'Долоодой', 'Хүрэлсүх', 'Эрэгтэй', '0', 5, '', 1),
(468, 'ЙВ06281819', 'Цогтбаяр', 'Азжаргал', 'Эрэгтэй', '96850047', 3, '', 1),
(469, 'ЙЮ06303012', 'Хишигжаргал', 'Баттулга', 'Эрэгтэй', '96878769', 3, '', 1),
(470, 'ЙГ06260307', 'Болд', 'Гантуяа', 'Эмэгтэй', '89145793', 3, '', 1),
(471, 'ЙЮ06262615', 'Баярмаа', 'Даваажаргал', 'Эрэгтэй', '80068780', 3, '', 1),
(472, 'ЙО06300711', 'Лхагвадулам', 'Доржсамбуу', 'Эрэгтэй', '85746717', 3, '', 1),
(473, 'ЙО06322706', 'Анхбаяр', 'Дүүрэнжаргал', 'Эмэгтэй', '95371993', 3, '', 1),
(474, 'ЙЮ06282107', 'Цэрэнпунцаг', 'Нарангуа', 'Эмэгтэй', '91780821', 3, '', 1),
(475, 'ЙД02250700', 'Батбаатар', 'Номинэрдэнэ', 'Эмэгтэй', '89343733', 3, '', 1),
(476, 'ЙЮ02241906', 'Одсүрэн', 'Мягмарсүрэн', 'Эмэгтэй', '80520256', 3, '', 1),
(477, 'ЙЮ06251204', 'Батчулуун', 'Одонтунгалаг', 'Эмэгтэй', '95401281', 3, '', 1),
(478, 'ЙИ04222204', 'Чимэгбаатар', 'Сарангуа', 'Эмэгтэй', '95113806', 3, '', 1),
(479, 'ЙЮ06271711', 'Хүрэлбаатар', 'Цолмон', 'Эрэгтэй', '99505661', 3, '', 1),
(480, 'ЙЖ06291924', 'Мөнхжаргал', 'Цээрэннадмид', 'Эмэгтэй', '0', 3, '', 1),
(481, 'ЙВ02302106', 'Үүрцайх', 'Эрдэнэцэцэг', 'Эмэгтэй', '80302872', 3, '', 1),
(482, 'ЙБ05301305', 'Алтанцэцэг', 'Цэцэгжаргал', 'Эмэгтэй', '85536651', 3, '', 1),
(483, 'йз06210419', 'Анхбаяр', 'Алтангадас', 'Эрэгтэй', '851428525', 3, '', 1),
(484, 'йю06252744', 'Дэлгэрмаа', 'Уранцэцэг', 'Эмэгтэй', '91300527', 3, '', 1),
(485, 'ЙЮ06302618', 'Энхтайван', 'Баасандорж', 'Эрэгтэй', '88255997', 4, '', 1),
(486, 'ЙА06272812', 'БАДАМХОРОЛ', 'ЦЭДЭНСОДНОМ', 'Эрэгтэй', '89958028', 4, '', 1),
(487, 'УП06302878', 'Баатар', 'Отгонтөгс', 'Эрэгтэй', '80633039', 4, '', 1),
(488, 'ЙН06302919', 'Мөнхбат', 'Давгадорж', 'Эрэгтэй', '94264413', 4, '', 1),
(489, 'ЙА05301611', 'Насантогтох', 'Лхагвадорж', 'Эрэгтэй', '90232229', 4, '', 1),
(490, 'ЙЮ04250439', 'Алтантуяа', 'Билгүүн', 'Эрэгтэй', '0', 4, '', 1),
(491, 'ЙА06211411', 'Чимэг', 'Эрдэнэхүү', 'Эрэгтэй', '89242608', 4, '', 1),
(492, 'ЙЮ06300611', 'Батсуурь', 'Ойдовтангад', 'Эрэгтэй', '95321520', 4, '', 1),
(493, 'ЙИ06222610', 'Баянжаргал', 'Батгэрэл', 'Эрэгтэй', '0', 4, '', 1),
(494, 'ВЛ06232814', 'Минжбадгар', 'Мөнх-Очир', 'Эрэгтэй', '89746263', 4, '', 1),
(495, 'ЙЛ06241411', 'Отгонжаргал', 'Баасанжаргал', 'Эрэгтэй', '96359192', 4, '', 1),
(496, 'ЙД01321902', 'Сүрэн', 'Мянганмэчог', 'Эмэгтэй', '90983090', 4, '', 1),
(497, 'ЙН06212812', 'Нанжир', 'Эрхэмбаяр', 'Эрэгтэй', '0', 4, '', 1),
(498, 'ЙЮ78010430', 'Чулуун', 'Мөнхбат', 'Эрэгтэй', '88992350', 1, '', 1),
(499, 'ЙД04242016', 'Цэрэн', 'Буянболд', 'Эрэгтэй', '80217241', 1, '', 1),
(500, 'ЙТ06320710', 'Батнасан', 'Цамба', 'Эрэгтэй', '86323336', 1, '', 1),
(501, 'ЙЮ06301136', 'Болдбаатар', 'Батбаатар', 'Эрэгтэй', '99446049', 1, '', 1),
(502, 'ЙЮ06260716', 'Сүү-Адъяа', 'Будбилэг', 'Эрэгтэй', '96204099', 1, '', 1),
(503, 'ЙМ06320417', 'Отгонбаяр', 'Балжинням', 'Эрэгтэй', '96828182', 1, '', 1),
(504, 'ЙЮ06302413', 'Цэрэнваанчиг', 'Бэгзсүрэн', 'Эрэгтэй', '95161177', 1, '', 1),
(505, 'ЙЮ06242211', 'Бавуудорж', 'Мөнгөншагай', 'Эрэгтэй', '89205057', 1, '', 1),
(506, 'ЙД06230406', 'Соль', 'Оюумаа', 'Эмэгтэй', '99485410', 1, '', 1),
(507, 'ЙП06212811', 'Сангидорж', 'Батмэнд', 'Эрэгтэй', '88768379', 1, '', 1),
(508, 'ЙЙ06242313', 'Бэхтогтох', 'Нямдаваа', 'Эрэгтэй', '88706832', 1, '', 1),
(509, 'ЙЖ04310615', 'Мөнхтулга', 'Сүхбаатар', 'Эрэгтэй', '99741832', 1, '', 1),
(510, 'ЗЛ05302618', 'Наранбаатар', 'Жавхлан', 'Эрэгтэй', '95929928', 1, '', 1),
(511, 'ЙО06242214', 'Жамбалсүрэн', 'Мөнх-Оргил', 'Эрэгтэй', '85760839', 1, '', 1),
(512, 'ЙО05281317', 'Мөнгөн', 'Чойжамц', 'Эрэгтэй', '99602408', 1, '', 1),
(513, 'ЙП06232512', 'Мөнхдулам', 'Чүнсрэй', 'Эрэгтэй', '98707508', 1, '', 1),
(514, 'ЙЮ04323113', 'Пүрэвсүрэн', 'Шинэбаяр', 'Эрэгтэй', '96414127', 1, '', 1),
(515, 'ЙТ06311517', 'Мөнгөндолгио', 'Бар-Ирвэсбаатар', 'Эрэгтэй', '98180212', 1, '', 1),
(516, 'ЙЛ06262714', 'Мягмарсүрэн', 'Батмөнх', 'Эрэгтэй', '89935716', 1, '', 1),
(517, 'ЙЮ06281719', 'Отгонбаяр', 'Оргилболд', 'Эрэгтэй', '88873961', 1, '', 1),
(518, 'ЙП06251111', 'Хэнмэдхэв', 'Анхбаяр', 'Эрэгтэй', '80217241', 1, '', 1),
(519, 'ЙЮ06251318', 'Данзанчоймбол', 'Буяндорж', 'Эрэгтэй', '96344885', 1, '', 1),
(520, 'ЙО03301111', 'Янжинпүрэв', 'Нямбаатар', 'Эрэгтэй', '94977551', 1, '', 1),
(521, 'ЙД06282512', 'Алтангэрэл', 'Анхбаяр', 'Эрэгтэй', '89565855', 1, '', 1),
(522, 'ЙИ04261137', 'Цолмон', 'Батзориг', 'Эрэгтэй', '90246444', 1, '', 1),
(523, 'ЙЮ05272805', 'Бат-Эрдэнэ', 'Хандсүрэн', 'Эмэгтэй', '90264466', 1, '', 1),
(524, 'ЙЙ06222319', 'Содномцэрэн', 'Бэгзэсосорнод', 'Эрэгтэй', '86184845', 1, '', 1),
(525, 'ЙЖ06302518', 'Төмөр-Очир', 'Золбоот', 'Эрэгтэй', '80777215', 1, '', 1),
(526, 'ЙО06220401', 'Ганболд', 'Алтансарнай', 'Эмэгтэй', '86980204', 10, '', 1),
(527, 'ЙР06302111', 'Намхайнямбуу', 'Амартүвшин', 'Эрэгтэй', '88541334', 10, '', 1),
(528, 'ЙЮ05262210', 'Төмөрчөдөр', 'Анхбаяр', 'Эрэгтэй', '95890621', 10, '', 1),
(529, 'ЙД06240901', 'Бандихүү', 'Ариунхишиг', 'Эмэгтэй', '90730409', 10, '', 1),
(530, 'ЗЛ06272812', 'Ганбаатар', 'Арвинхүү', 'Эрэгтэй', '89992360', 10, '', 1),
(531, 'ГВ06252201', 'Ууганбаяр', 'Баярцэцэг', 'Эмэгтэй', '99230994', 10, '', 1),
(532, 'ЙО06231105', 'Соронзонболд', 'Бямбадолгор', 'Эмэгтэй', '88427071', 10, '', 1),
(533, 'ЙЮ04273107', 'Түмэн-од', 'Бямбацэрэн', 'Эмэгтэй', '88260031', 10, '', 1),
(534, 'ЙО06311700', 'Сайнбилэг', 'Дулмаа', 'Эмэгтэй', '98312949', 10, '', 1),
(535, 'ЙМ05281816', 'Өлзийбаяр', 'Доржзовд', 'Эрэгтэй', '86826102', 10, '', 1),
(536, 'ЙО06312806', 'Баярхүү', 'Мягмарсүрэн', 'Эмэгтэй', '99327890', 10, '', 1),
(537, 'ЙИ06280105', 'Төгсжаргал', 'Мягмарсүрэн', 'Эмэгтэй', '80883260', 10, '', 1),
(538, 'ЙН06212202', 'Дүгэржмаа', 'Нямсүрэн', 'Эмэгтэй', '80822287', 10, '', 1),
(539, 'ЙВ06271007', 'Ганбат', 'Намуунзаяа', 'Эмэгтэй', '96220353', 10, '', 1),
(540, 'ЙЮ06220851', 'Хүрэлхүү', 'Нэргүй', 'Эрэгтэй', '90550307', 10, '', 1),
(541, 'ЙЮ06222029', 'Батчимэг', 'Отгонзаяа', 'Эмэгтэй', '91609888', 10, '', 1),
(542, 'КД05292311', 'Баттөмөр', 'Тамжид', 'Эрэгтэй', '99464923', 10, '', 1),
(543, 'ЙЮ06302407', 'Дарьсүрэн', 'Үржинханд', 'Эмэгтэй', '80687582', 10, '', 1),
(544, 'ЙЮ06231410', 'Зоригтбаатар', 'Эрдэнэцогт', 'Эрэгтэй', '91810314', 10, '', 1),
(545, 'ЙИ05271607', 'Дорж', 'Энх-Амгалан', 'Эмэгтэй', '96074777', 10, '', 1),
(546, 'ЙД03273010', 'Хатанбаатар', 'Энхбат', 'Эрэгтэй', '89738959', 10, '', 1),
(547, 'ЙО06211419', 'Цэрэнбаатар', 'Пүрэвдорж', 'Эрэгтэй', '95867590', 10, '', 1),
(548, 'ЙВ06290516', 'Бямбадолгор', 'Жавхлантамир', 'Эрэгтэй', '95670269', 10, '', 1),
(549, 'ЙЮ02300512', 'Оюун', 'Дашзэвэг', 'Эрэгтэй', '0', 10, '', 1),
(550, 'ЙИ06270809', 'Амарсайхан', 'Отгонсүрэн', 'Эмэгтэй', '80614060', 10, '', 1),
(551, 'ЗЛ06271506', 'Улаанхүү', 'Хишигцогзол', 'Эмэгтэй', '80193938', 10, '', 1),
(552, 'ЙО06281819', 'Даваацэрэн', 'Чулуунтогтох', 'Эрэгтэй', '85743959', 10, '', 1),
(553, 'ЙИ06212305', 'Галбадрах', 'Баярмаа', 'Эмэгтэй', '0', 9, '', 1),
(554, 'ЙО06243001', 'Эрдэнэбаяр', 'нямсүрэн', 'Эмэгтэй', '0', 9, '', 1),
(555, 'ЙЮ06250702', 'Хүрэлбаатар', 'Эрдэнэчимэг', 'Эмэгтэй', '0', 9, '', 1),
(556, 'ЙИ06270205', 'Батбаяр', 'Цэрэнханд', 'Эмэгтэй', '0', 9, '', 1),
(557, 'ЙИ06310501', 'Юндэнбат', 'Хонгорзул', 'Эмэгтэй', '0', 9, '', 1),
(558, 'ЙА06302704', 'Дуламсүрэн', 'Пагамдулам', 'Эмэгтэй', '0', 9, '', 1),
(559, 'ЙМ05251001', 'Өлзиймандах', 'Өлзийхишиг', 'Эмэгтэй', '0', 9, '', 1),
(560, 'ЙА06250104', 'Батсүх', 'Оюунбат', 'Эмэгтэй', '0', 9, '', 1),
(561, 'ЙЮ06241908', 'Наранцэцэг', 'Уранцэцэг', 'Эмэгтэй', '0', 9, '', 1),
(562, 'ЙИ06291607', 'Бат-Эрдэнэ', 'Бямбасүрэн', 'Эмэгтэй', '0', 9, '', 1),
(563, 'ЙД05241007', 'Болд', 'Нямсүрэн', 'Эмэгтэй', '0', 9, '', 1),
(564, 'ЙД06312102', 'Батбаатар', 'Мягмарнаран', 'Эмэгтэй', '0', 9, '', 1),
(565, 'ЙИ06210902', 'Энхбаяр', 'Дүүриймаа', 'Эмэгтэй', '0', 9, '', 1),
(566, 'ЙД05321807', 'Чинбат', 'Дуламсүрэн', 'Эмэгтэй', '0', 9, '', 1),
(567, 'ЙД03302702', 'Энхжаргал', 'ДАВАА', 'Эмэгтэй', '0', 9, '', 1),
(568, 'ЙЮ 0528170', 'Бадамжав', 'Гэрэлт', 'Эмэгтэй', '0', 9, '', 1),
(569, 'ЙД06322521', 'Баярмөнх', 'Одмандах', 'Эмэгтэй', '0', 9, '', 1),
(570, 'ЙЮ06251409', 'Түмэннасан', 'Алтансувд', 'Эмэгтэй', '0', 9, '', 1),
(571, 'ЙП06241106', 'Тогоотогтох', 'Бүжинлхам', 'Эмэгтэй', '89155449', 9, '', 1),
(572, 'ЙЮ01252815', 'Батчимэг', 'Төрболд', 'Эрэгтэй', '95221172', 8, '', 1),
(573, 'ЙО05311306', 'Ширнэншийрэв', 'Алтантуяа', 'Эмэгтэй', '99494078', 8, '', 1),
(574, 'ЙО06251509', 'Шинэбаяр', 'Алтанцэцэг', 'Эмэгтэй', '94824891', 8, '', 1),
(575, 'ЙО06302701', 'Баярмагнай', 'Амин-Эрдэнэ', 'Эмэгтэй', '99630137', 8, '', 1),
(576, 'ЙО05272905', 'Пүрэвбаатар', 'Ариунаа', 'Эмэгтэй', '85899787', 8, '', 1),
(577, 'ЙО06240720', 'Гантөмөр', 'Баасансүрэн', 'Эмэгтэй', '89228785', 8, '', 1),
(578, 'ЙЮ06261321', 'Хатанбаатар', 'Батцэцэг', 'Эмэгтэй', '89910012', 8, '', 1),
(579, 'ЙО06262624', 'Ренчин', 'Даваадолгор', 'Эмэгтэй', '99401943', 8, '', 1),
(580, 'ЙО06280707', 'Дорждаваа', 'Даваадолгор', 'Эмэгтэй', '85866532', 8, '', 1),
(581, 'ЙО06221422', 'Самжаан', 'Лхагважав', 'Эмэгтэй', '88642514', 8, '', 1),
(582, 'ЙС05270608', 'Гантуяа', 'Лхамхорол', 'Эмэгтэй', '88642514', 8, '', 1),
(583, 'ЙН06271621', 'Эрдэнэбат', 'Намжилмаа', 'Эмэгтэй', '88923752', 8, '', 1),
(584, 'ЙИ06311801', 'Нямдорж', 'Насанжаргал', 'Эмэгтэй', '95968801', 8, '', 1),
(585, 'ЙМ06300708', 'Зоригт', 'Нэргүй', 'Эмэгтэй', '99730338', 8, '', 1),
(586, 'ЙЮ06321010', 'Цэрэнхүү', 'Нямбаатар', 'Эрэгтэй', '96230100', 8, '', 1),
(587, 'ЙО06263006', 'Дагва-Ёндон', 'Отгончимэг', 'Эмэгтэй', '0', 8, '', 1),
(588, 'МР06280904', 'Өлзийбадрах', 'Сайнзаяа', 'Эмэгтэй', '95850836', 8, '', 1),
(589, 'ЙЮ06222601', 'Гансүх', 'Сарантуяа', 'Эмэгтэй', '99847752', 8, '', 1),
(590, 'ЙО05242008', 'Дэмбэрэл', 'Сосорбурам', 'Эмэгтэй', '86179265', 8, '', 1),
(591, 'ЙЮ06261013', 'Өлзийбаатар', 'Төгөлдөр', 'Эрэгтэй', '88234674', 8, '', 1),
(592, 'ЙЗ06290907', 'Нарангарав', 'Цэрэнлхам', 'Эмэгтэй', '86866239', 8, '', 1),
(593, 'ЙД06322509', 'Дулам-Очир', 'Хоролсүрэн', 'Эмэгтэй', '88853133', 8, '', 1),
(594, 'ЙД06281206', 'Өлзийбаяр', 'Чулууншүр', 'Эмэгтэй', '88900678', 8, '', 1),
(595, 'ЙИ01322409', 'Маамаа', 'Энхтунгалаг', 'Эмэгтэй', '99322913', 8, '', 1),
(596, 'ЙЮ06310408', 'Өнөрзул', 'Энхлэн', 'Эмэгтэй', '80805656', 8, '', 1),
(597, 'ЙА06230703', 'Батсуурь', 'Мягмарцэцэг', 'Эмэгтэй', '88964792', 8, '', 1),
(598, 'ЗЛ06221801', 'Оюунгэрэл', 'Ууганцэцэг', 'Эмэгтэй', '88697731', 8, '', 1),
(599, 'ЙО07220254', 'Гансүх', 'Цэдмид', 'Эрэгтэй', '85833606', 8, '', 1),
(600, 'ЙЮ06293034', 'Баттөмөр', 'Тэмүүжин', 'Эрэгтэй', '80325560', 8, '', 1),
(601, 'йд06280123', 'Шинэдорж', 'Насанжаргал', 'Эмэгтэй', '95437695', 6, '', 1),
(602, 'йд04261918', 'Бат-Эрдэнэ', 'Заяабаатар', 'Эрэгтэй', '0', 6, '', 1),
(603, 'йм05262011', 'Амьбөх', 'Барсхүлэгтбаатар', 'Эрэгтэй', '95807916', 6, '', 1),
(604, 'йю06260910', 'Ринчиндорж', 'Мөнхбаяр', 'Эрэгтэй', '88462771', 6, '', 1),
(605, 'йо06213113', 'Ганбаатар', 'Балжинням', 'Эрэгтэй', '89421789', 6, '', 1),
(606, 'йд06252618', 'Ойдовгүнчин', 'Саяннямбуу', 'Эрэгтэй', '99585906', 6, '', 1),
(607, 'ЗЛ06252613', 'Алтантогос', 'Цолмонбаатар', 'Эрэгтэй', '85259429', 6, '', 1),
(608, 'йм04242811', 'Алтан-Очир', 'Зэв', 'Эрэгтэй', '99539013', 6, '', 1),
(609, 'йс05262419', 'Анхбаяр', 'Өлзийсугар', 'Эрэгтэй', '80247956', 6, '', 1),
(610, 'йю05233035', 'Чагнаадорж', 'Өлзийсайхан', 'Эрэгтэй', '89862005', 6, '', 1),
(611, 'йи06270912', 'Цэлмэг', 'Рэнцэндорж', 'Эрэгтэй', '80911110', 6, '', 1),
(612, 'йю06251632', 'Мөнх-Очир', 'Бат-Эрдэнэ', 'Эрэгтэй', '99957028', 6, '', 1),
(613, 'йм06222719', 'БОЛДБААТАР', 'БАРСХҮЛЭГБААТАР', 'Эрэгтэй', '91400203', 6, '', 1),
(614, 'ЙЮ07232112', 'Буянтогтох', 'Банзрагч', 'Эрэгтэй', '89940092', 6, '', 1),
(615, 'ЙЙ06230212', 'Мөнхпүрэв', 'Пүрэв', 'Эрэгтэй', '89911006', 6, '', 1),
(616, 'ЙЮ06251611', 'Мөнх-Очир', 'Баяр-Эрдэнэ', 'Эрэгтэй', '99957028', 6, '', 1),
(617, 'ЙК06310110', 'Цэрэнсодном', 'Лувсандавга', 'Эрэгтэй', '86680456', 6, '', 1),
(618, 'ЙЕ06321911', 'Буяннэмэх', 'Баярмагнай', 'Эрэгтэй', '86680456', 6, '', 1),
(619, 'ЙЮ06261156', 'Пүрэвдорж', 'Санжаадамба', 'Эрэгтэй', '88598681', 6, '', 1),
(620, 'ЙМ06221818', 'АЛТАНОЧИР', 'АЛТАНБАГАНА', 'Эрэгтэй', '99472867', 6, '', 1),
(621, 'ЙР06212619', 'Нямжаргал', 'Гантулга', 'Эрэгтэй', '89317299', 6, '', 1),
(622, 'ЙЮ06230919', 'Лхагвасүрэн', 'Элбэгсайхан', 'Эрэгтэй', '80920502', 6, '', 1),
(623, 'ГП06251612', 'Лхагвасүрэн', 'Жанлавцогзол', 'Эрэгтэй', '89433472', 6, '', 1),
(624, 'ЙИ06260915', 'Нэргүй', 'Цэнд-Очир', 'Эрэгтэй', '88396423', 6, '', 1),
(625, 'ЙП06262431', 'Данаажав', 'Ширнэн', 'Эрэгтэй', '88640402', 6, '', 1),
(626, 'ЗЛ06251119', 'Мөнхбаатар', 'Батсүх', 'Эрэгтэй', '85122647', 6, '', 1),
(627, 'ЙС06222717', 'Болор-Эрдэнэ', 'Энхтайван', 'Эрэгтэй', '91270616', 6, '', 1),
(628, 'ЙВ06280314', 'Бат-Эрдэнэ', 'Мөнхдэлгэр', 'Эрэгтэй', '94341079', 6, '', 1),
(629, 'ЙС05301014', 'Болдбаатар', 'Тэмүүлэн', 'Эрэгтэй', '90260001', 6, '', 1),
(630, 'ЙЮ05322315', 'Рагчаабазар', 'Баянжаргал', 'Эрэгтэй', '80228232', 6, '', 1),
(631, 'ЙН06282317', 'Мөнхтуяа', 'Ганчулуун', 'Эрэгтэй', '89317299', 6, '', 1),
(632, 'ЙЮ06221533', 'Баярцогт', 'Лүндаажанцан', 'Эрэгтэй', '96338222', 6, '', 1),
(633, 'ЙМ06302419', 'Түвшинжаргал', 'Азжаргал', 'Эрэгтэй', '99876983', 7, '', 1),
(634, 'ЙО06322119', 'Баярмаа', 'Алтанцоож', 'Эрэгтэй', '94825940', 7, '', 1),
(635, 'ЙЮ06320713', 'Гантулга', 'Ариунбаатар', 'Эрэгтэй', '90331677', 7, '', 1),
(636, 'ЙО06312014', 'Батцэрэн', 'Баатарсүрэн', 'Эрэгтэй', '86606255', 7, '', 1),
(637, 'ЙЮ06232915', 'Батбаяр', 'Барсхүлэгтбаатар', 'Эрэгтэй', '85443321', 7, '', 1),
(638, 'ВЗ06252613', 'Батжаргал', 'Батгэрэл', 'Эрэгтэй', '99610158', 7, '', 1),
(639, 'ЙИ06241617', 'Мөнхбат', 'Бат-Оргил', 'Эрэгтэй', '80835420', 7, '', 1),
(640, 'ЙН06250319', 'Пүрэвсүрэн', 'Баттөр', 'Эрэгтэй', '89642999', 7, '', 1),
(641, 'ЙМ06320212', 'Болдбаатар', 'Бумбацэнд', 'Эрэгтэй', '99328639', 7, '', 1),
(642, 'ЙР06311919', 'Төмөрчөдөр', 'Билэгт-Очир', 'Эрэгтэй', '99860097', 7, '', 1),
(643, 'ЙД06271819', 'Батсайхан', 'Бямбадорж', 'Эрэгтэй', '89870021', 7, '', 1),
(644, 'ЙК06270819', 'Сумъяа', 'Ганбат', 'Эрэгтэй', '88962465', 7, '', 1),
(645, 'ЙЮ06301438', 'Шийлэгмаа', 'Ган-Очир', 'Эрэгтэй', '99328129', 7, '', 1),
(646, 'ЙИ06290410', 'Охинтогтох', 'Ганчөдөр', 'Эрэгтэй', '96755222', 7, '', 1),
(647, 'ЙЮ06222217', 'Баяржаргал', 'Гүндсамбуу', 'Эрэгтэй', '88053073', 7, '', 1),
(648, 'ЙЖ06211812', 'Оюун', 'Дорждавга', 'Эрэгтэй', '88937912', 7, '', 1),
(649, 'ЙЙ06250519', 'Энхжаргал', 'Занданбат', 'Эрэгтэй', '88953700', 7, '', 1),
(650, 'ЙЙ05321710', 'Батсүх', 'Мөнхбилгүүн', 'Эрэгтэй', '80741217', 7, '', 1),
(651, 'ЙО06242516', 'Цэрэндолгор', 'Мягмардорж', 'Эрэгтэй', '90408777', 7, '', 1),
(652, 'ЙК06301413', 'Цэрэннадмид', 'Насантогтох', 'Эрэгтэй', '80152162', 7, '', 1),
(653, 'ЙД05260516', 'Нэргүйцэцэг', 'Нямдаваа', 'Эрэгтэй', '99328639', 7, '', 1),
(654, 'ЙЖ06241415', 'Төмөр-Очир', 'Нямдаваа', 'Эрэгтэй', '99715803', 7, '', 1),
(655, 'ЙВ06222414', 'Зоригт', 'Одгэрэл', 'Эрэгтэй', '91339369', 7, '', 1),
(656, 'ЙТ06312711', 'Энхцэцэг', 'Оргилбат', 'Эрэгтэй', '80660302', 7, '', 1),
(657, 'ЙЮ06301113', 'Даваапунцаг', 'Отгонбаяр', 'Эрэгтэй', '95382024', 7, '', 1),
(658, 'ЙО06290710', 'Ариунболд', 'Өсөх-Ирээдүй', 'Эрэгтэй', '89625020', 7, '', 1),
(659, 'ЙЮ06251159', 'Даваасүрэн', 'Пүрэвдорж', 'Эрэгтэй', '85311086', 7, '', 1),
(660, 'ЙА06212411', 'Нарангэрэл', 'Санжидмолом', 'Эрэгтэй', '90987247', 7, '', 1),
(661, 'ЙО06252912', 'Энхтогтох', 'Цог-Эрдэнэ', 'Эрэгтэй', '89984223', 7, '', 1),
(662, 'ЙР06250719', 'Амарсайхан', 'Энхсайхан', 'Эрэгтэй', '90273959', 7, '', 1),
(663, 'ЙИ06290518', 'Хишигдэмбэрэл', 'Мягмарнаран', 'Эрэгтэй', '89691311', 7, '', 1),
(664, 'ЙЙ06243011', 'Бат-Очир', 'Билгүүн', 'Эрэгтэй', '88515670', 7, '', 1),
(665, 'ЙВ06300500', 'Бүүвэйбаатар', 'Алтанцэцэг', 'Эмэгтэй', '95968457', 11, '', 1),
(666, 'ЙО06212018', 'Батчулуун', 'Баасанжаргал', 'Эрэгтэй', '80488894', 11, '', 1),
(667, 'ЙД06281816', 'Шажинбат', 'Бат-Эрдэнэ', 'Эрэгтэй', '80422284', 11, '', 1),
(668, 'МФ06312605', 'Батбаяр', 'Баярцэцэг', 'Эмэгтэй', '80421126', 11, '', 1),
(669, 'ЙД06302709', 'Шинэбаяр', 'Болороо', 'Эмэгтэй', '95659939', 11, '', 1),
(670, 'ЙП06271228', 'Пүрэвжаргал', 'Бүжинлхам', 'Эмэгтэй', '89135902', 11, '', 1),
(671, 'ЙЮ04242347', 'Болдбаатар', 'Бүжинлхам', 'Эмэгтэй', '80558958', 11, '', 1),
(672, 'ЙЖ06262606', 'Эрдэнэчимэг', 'Дулмаа', 'Эмэгтэй', '80602606', 11, '', 1),
(673, 'ЙЮ04292126', 'Лүндээжанцан', 'Дэлгэрмөрөн', 'Эмэгтэй', '88767708', 11, '', 1),
(674, 'ЙП06253101', 'Жамъяндагва', 'Лхагвасүрэн', 'Эмэгтэй', '0', 11, '', 1),
(675, 'ЙЮ06222405', 'Мөнхзул', 'Номин-Эрдэнэ', 'Эмэгтэй', '0', 11, '', 1),
(676, 'ВЮ05291407', 'Тарвачамба', 'Номин-Эрдэнэ', 'Эмэгтэй', '0', 11, '', 1),
(677, 'ЙО06310400', 'Маналсүрэн', 'Нянсандолгор', 'Эмэгтэй', '89585467', 11, '', 1),
(678, 'ЙИ06322511', 'Болд', 'Одбаяр', 'Эрэгтэй', '89140110', 11, '', 1),
(679, 'ЙИ06293016', 'Энхбат', 'Хатанбаатар', 'Эрэгтэй', '88470104', 11, '', 1),
(680, 'ЙВ06252604', 'Энхбаатар', 'Солонго', 'Эмэгтэй', '91717846', 11, '', 1),
(681, 'ЙГ05282701', 'Даваажав', 'Цолмон', 'Эмэгтэй', '99630726', 11, '', 1),
(682, 'ЙА06232203', 'Доржхорлоо', 'Энхмэнд', 'Эмэгтэй', '89235298', 11, '', 1),
(683, 'ГП06320466', 'Чимэдроолон', 'Саранчимэг', 'Эмэгтэй', '80444106', 11, '', 1),
(684, 'ЙД06222411', 'Алтангэрэл', 'Өсөх-Ирээдүй', 'Эрэгтэй', '85789735', 11, '', 1),
(685, 'ЙВ06322307', 'Цэдэндорж', 'Батчимэг', 'Эмэгтэй', '80843833', 11, '', 1),
(686, 'ЙЮ06252903', 'Бадрангуй', 'Болормаа', 'Эмэгтэй', '96552818', 11, '', 1),
(687, 'ЙЮ06300212', 'Батбаяр', 'Энх-Амар', 'Эрэгтэй', '95786526', 11, '', 1);

-- --------------------------------------------------------

--
-- Table structure for table `tclass`
--

DROP TABLE IF EXISTS `tclass`;
CREATE TABLE IF NOT EXISTS `tclass` (
  `id` int(11) NOT NULL AUTO_INCREMENT,
  `tid` int(11) NOT NULL,
  `classid` int(11) NOT NULL,
  PRIMARY KEY (`id`)
) ENGINE=MyISAM AUTO_INCREMENT=4 DEFAULT CHARSET=utf8 COLLATE=utf8_unicode_ci;

--
-- Dumping data for table `tclass`
--

INSERT INTO `tclass` (`id`, `tid`, `classid`) VALUES
(1, 42, 1),
(2, 42, 3),
(3, 42, 4);

-- --------------------------------------------------------

--
-- Table structure for table `teacher`
--

DROP TABLE IF EXISTS `teacher`;
CREATE TABLE IF NOT EXISTS `teacher` (
  `id` int(11) NOT NULL AUTO_INCREMENT,
  `fname` varchar(50) COLLATE utf8_unicode_ci NOT NULL,
  `lname` varchar(50) COLLATE utf8_unicode_ci NOT NULL,
  `phone` varchar(50) COLLATE utf8_unicode_ci NOT NULL,
  `email` varchar(50) COLLATE utf8_unicode_ci DEFAULT NULL,
  `at` varchar(50) COLLATE utf8_unicode_ci DEFAULT NULL,
  `pass` varchar(50) COLLATE utf8_unicode_ci NOT NULL,
  `user_role` int(11) NOT NULL,
  `tuluv` int(11) NOT NULL,
  PRIMARY KEY (`id`),
  UNIQUE KEY `phone` (`phone`)
) ENGINE=InnoDB AUTO_INCREMENT=82 DEFAULT CHARSET=utf8 COLLATE=utf8_unicode_ci;

--
-- Dumping data for table `teacher`
--

INSERT INTO `teacher` (`id`, `fname`, `lname`, `phone`, `email`, `at`, `pass`, `user_role`, `tuluv`) VALUES
(7, 'Сүхбаатар', 'Отгонбаяр', '99908526', '', 'Аргай зүйч', '99908526', 3, 1),
(8, 'Бадам ', 'Оюумаа', '99327535', '', 'Аргай зүйч', '99327535', 3, 1),
(9, 'Галбадрах ', 'Тунгалаг', '99909814', '', 'Аргай зүйч', '99909814', 3, 1),
(10, 'Баярмөнх', 'Цэрэндулам', '99911406', '', 'Багш', '99911406', 1, 1),
(11, 'Цэцэгмаа', 'Даваасүрэн', '99916184', '', 'Багш', '99916184', 1, 1),
(12, 'Намжилдорж', 'Дуламдорж', '99329967', '', 'Багш', '99329967', 1, 1),
(14, 'Цагаан', 'Энхтуул', '91355353', '', 'Багш', '91355353', 1, 1),
(15, 'Алтангэрэл', 'Нармандах', '88103959', '', 'Багш', '88103959', 1, 1),
(16, 'Пүрэвбаатар', 'Содномцоо', '99593935', '', 'Багш', '99593935', 1, 1),
(17, 'Отгонцэнд', 'Бунд', '96899631', '', 'Багш', '96899631', 1, 1),
(18, 'Баярхүү ', 'Ганбаатар', '99787155', '', 'Багш', '99787155', 1, 1),
(19, 'Мөнхтөр', 'Гэндэнсүрэн', '89098423', '', 'Багш', '89098423', 1, 1),
(20, 'Батбаяр', 'Оюун', '95321188', '', 'Багш', '95321188', 1, 1),
(21, 'Сумъяабиш', 'Болорзэс', '99328639', '', 'Багш', '99328639', 1, 1),
(22, 'Нэргүй', 'Янжиндулам', '88864676', '', 'Багш', '88864676', 1, 1),
(23, 'Тогооч', 'Чимэддолгор', '90258978', '', 'Багш', '90258978', 1, 1),
(24, 'Мөнхбаяр', 'Сэрчмаа', '99647393', '', 'Багш', '99647393', 1, 1),
(25, 'Сайнбаяр', 'Гарамханд', '99933836', '', 'Багш', '99933836', 1, 1),
(26, 'Батчулуун', 'Эрдэнэцэцэг', '88060177', '', 'Багш', '88060177', 1, 1),
(27, 'Батаа ', 'Эрдэнэзул', '99318111', '', 'Багш', '99318111', 1, 1),
(28, 'Эрдэнэбилэг', 'Ариунтуяа', '95161177', '', 'Багш', '95161177', 1, 1),
(29, 'Чадраабал', 'Наранцэцэг', '99801345', '', 'Багш', '99801345', 1, 1),
(30, 'Нэргүй', 'Ууганбаатар', '88038699', '', 'Багш', '88038699', 1, 1),
(31, 'Доржпүрэв', 'Мөнхцэцэг', '88218814', '', 'Багш', '88218814', 1, 1),
(32, 'Түмэн-Өлзий', 'Чулуунцэцэг', '88990092', '', 'Багш', '88990092', 1, 1),
(33, 'Рэнцэн', 'Янжинсүрэн', '99921900', '', 'Багш', '99921900', 1, 1),
(34, 'Ганбаатар', 'Цэвэлмаа', '99763811', '', 'Багш', '99763811', 1, 1),
(35, 'Гомбосүрэн', 'Бямбасүрэн', '99048025', '', 'Багш', '99048025', 1, 1),
(36, 'Төмөр', 'Должинсүрэн', '99326908', '', 'Багш', '99326908', 1, 1),
(37, 'Сүхэнхүү', 'Дуламсүрэн', '99327111', '', 'Багш', '99327111', 1, 1),
(38, 'Ганболд', 'Оюунцэцэг', '99213599', '', 'Багш', '99213599', 1, 1),
(39, 'Цоодол', 'Алтангэрэл', '99807173', '', 'Багш', '99807173', 1, 1),
(40, 'Дорж ', 'Төмөртогоо', '99327835', '', 'Багш', '99327835', 1, 1),
(41, 'Сүхбаатар', 'Баасансүрэн', '99692004', '', 'Багш', '99692004', 1, 1),
(42, 'Жавхлан', 'Бат-Ирээдүй', '88992842', '', 'Багш', '88992842', 1, 1),
(43, 'Оросоо', 'Гиваапил', '99061006', '', 'Багш', '99061006', 1, 1),
(44, 'Тогтохбор', 'Цэрэнбал', '95323656', '', 'Багш', '95323656', 1, 1),
(45, 'Тогтохдорж', 'Пагамдулам', '91119572', '', 'Багш', '91119572', 1, 1),
(46, 'Амирдаабазар', 'Цэцэгмаа', '80251199', '', 'Багш', '80251199', 1, 1),
(47, 'Жигмэддулам', 'Найгалмаа', '99323589', '', 'Багш', '99323589', 1, 1),
(48, 'Даваа', 'Энхсайхан', '99565228', '', 'Багш', '99565228', 1, 1),
(49, 'Бат-Эрдэнэ', 'Гандөш', '89132010', '', 'Багш', '89132010', 1, 1),
(50, 'Цэдэндорж', 'Цэнд-Аюуш', '99276789', '', 'Багш', '99276789', 1, 1),
(51, 'Төмөрсүх ', 'Энхмаа', '88177368', '', 'Багш', '88177368', 1, 1),
(52, 'Содномпунцаг', 'Батжаргал', '99329742', '', 'Багш', '99329742', 1, 1),
(53, 'Сангижаргал', 'Ариунболд', '95231333', '', 'Багш', '95231333', 1, 1),
(54, 'Ганбат', 'Чулуундорж', '91245511', '', 'Багш', '91245511', 1, 1),
(55, 'Цэрмаа', 'Амарбаяр', '89989095', '', 'Багш', '89989095', 1, 1),
(56, 'Цэдэвсүрэн', 'Болдбаатар', '94902772', '', 'Багш', '94902772', 1, 1),
(57, 'Бүдбазар', 'Раднаа', '99329036', '', 'Багш', '99329036', 1, 1),
(58, 'Төмөрцэрэг', 'Цэндсүрэн', '88553767', '', 'Багш', '88553767', 1, 1),
(59, 'Ядамсүрэн', 'Даваадаш', '99323992', '', 'Багш', '99323992', 1, 1),
(60, 'Гантулга', 'Уртнасан', '88121193', '', 'Багш', '88121193', 1, 1),
(61, 'Отгонжаргал', 'Цогтсайхан', '88759091', '', 'Багш', '88759091', 1, 1),
(62, 'Отгон ', 'Батдулам', '99918981', '', 'Багш', '99918981', 1, 1),
(63, 'Даваа', 'Нямсүрэн', '99328944', '', 'Багш', '99328944', 1, 1),
(64, 'Төмөрбаатар', 'Гандиймаа', '89787820', '', 'Багш', '89787820', 1, 1),
(65, 'Даваацэрэн', 'Наранцэцэг', '99946984', '', 'Багш', '99946984', 1, 1),
(66, 'Лхавгадолгор', 'Гандолгор', '80322910', '', 'Багш', '80322910', 1, 1),
(67, 'Хас-Очир', 'Дуламсүрэн', '96104499', '', 'Багш', '96104499', 1, 1),
(68, 'Доржгив', 'Отгонцэцэг', '99564446', '', 'Багш', '99564446', 1, 1),
(69, 'Баярхүү', 'Батхишиг', '99329197', '', 'Багш', '99329197', 1, 1),
(70, 'Сэнгээ', 'Санжидхорол', '99328483', '', 'Багш', '99328483', 1, 1),
(71, 'Цэдэвсүрэн', 'Цэвэлмаа', '88920393', '', 'Багш', '88920393', 1, 1),
(72, 'Тогоотөмөр', 'Самбуужавдоо', '80825885', '', 'Багш', '80825885', 1, 1),
(73, 'Наранмандах', 'Энхтүвшин', '99721161', '', 'Багш', '99721161', 1, 1),
(74, 'Гантулга', 'Жавзандорж', '99951117', '', 'Багш', '99951117', 1, 1),
(75, 'Баасандорж', 'Гиваа', '99323229', '', 'Багш', '99323229', 1, 1),
(76, 'Баасанхүү', 'Золзаяа', '99968551', '', 'Багш', '99968551', 1, 1),
(77, 'Төмөр', 'Отгончимэг', '90593399', '', 'Багш', '90593399', 1, 1),
(78, 'Чойнорсүрэн ', 'Даваадолгор', '86490046', '', 'Багш', '86490046', 1, 1),
(79, 'Мөнхбаатар', 'Шүхэрт', '80828393', '', 'Багш', '80828393', 1, 1),
(80, 'Шархүү', 'Энхзаяа', '91442104', '', 'Багш', '91442104', 1, 1),
(81, 'Лувсанбямба', 'Долгоржав', '99320566', '', 'Багш', '99320566', 1, 1);

-- --------------------------------------------------------

--
-- Table structure for table `tlesson`
--

DROP TABLE IF EXISTS `tlesson`;
CREATE TABLE IF NOT EXISTS `tlesson` (
  `id` int(11) NOT NULL AUTO_INCREMENT,
  `tid` int(11) NOT NULL,
  `lessonName` varchar(200) COLLATE utf8_unicode_ci NOT NULL,
  `cag` int(11) DEFAULT NULL,
  `tuluv` tinyint(1) NOT NULL,
  PRIMARY KEY (`id`)
) ENGINE=InnoDB AUTO_INCREMENT=3 DEFAULT CHARSET=utf8 COLLATE=utf8_unicode_ci;

--
-- Dumping data for table `tlesson`
--

INSERT INTO `tlesson` (`id`, `tid`, `lessonName`, `cag`, `tuluv`) VALUES
(1, 42, 'Өгөгдлийн бүтэц', 90, 1),
(2, 42, 'Мультимедиа технологи ашиглах', 108, 1);
COMMIT;

/*!40101 SET CHARACTER_SET_CLIENT=@OLD_CHARACTER_SET_CLIENT */;
/*!40101 SET CHARACTER_SET_RESULTS=@OLD_CHARACTER_SET_RESULTS */;
/*!40101 SET COLLATION_CONNECTION=@OLD_COLLATION_CONNECTION */;
