-- phpMyAdmin SQL Dump
-- version 5.1.1
-- https://www.phpmyadmin.net/
--
-- Host: 127.0.0.1:3306
-- Generation Time: Sep 05, 2023 at 01:55 PM
-- Server version: 8.0.27
-- PHP Version: 8.0.13

SET SQL_MODE = "NO_AUTO_VALUE_ON_ZERO";
START TRANSACTION;
SET time_zone = "+00:00";


/*!40101 SET @OLD_CHARACTER_SET_CLIENT=@@CHARACTER_SET_CLIENT */;
/*!40101 SET @OLD_CHARACTER_SET_RESULTS=@@CHARACTER_SET_RESULTS */;
/*!40101 SET @OLD_COLLATION_CONNECTION=@@COLLATION_CONNECTION */;
/*!40101 SET NAMES utf8mb4 */;

--
-- Database: `collegeapi`
--

-- --------------------------------------------------------

--
-- Table structure for table `class`
--

DROP TABLE IF EXISTS `class`;
CREATE TABLE IF NOT EXISTS `class` (
  `id` int NOT NULL AUTO_INCREMENT,
  `name` varchar(100) CHARACTER SET utf8 COLLATE utf8_unicode_ci NOT NULL,
  `hugacaa` double NOT NULL,
  `tuluv` int NOT NULL,
  `teacherid` int NOT NULL,
  PRIMARY KEY (`id`)
) ENGINE=MyISAM AUTO_INCREMENT=31 DEFAULT CHARSET=utf8mb3 COLLATE=utf8_unicode_ci;

--
-- Dumping data for table `class`
--

INSERT INTO `class` (`id`, `name`, `hugacaa`, `tuluv`, `teacherid`) VALUES
(1, '1-1 Барилгын цахилгаанчин', 2.5, 1, 1),
(3, '1-2 Барилгын засал чимэглэлчин', 2.5, 1, 3),
(4, '1-3 Барилгын өрөг угсрагч ', 2.5, 1, 1),
(5, '1-4 Автомашины засварчин', 2.5, 1, 0),
(6, '1-5 Хүнд машин механизмын засварчин', 2.5, 1, 0),
(7, '1-6 Хүнд машин механизмын засварчин', 2.5, 1, 0),
(8, '1-7 Тогооч', 2.5, 1, 0),
(9, '1-8 Оёмол бүтээгдэхүүний оёдолчин', 2.5, 1, 0),
(10, '1-9 Компьютерын оператор', 2.5, 1, 0),
(11, '1-10 Хэвлэлийн график дизайнч ', 2.5, 1, 0),
(12, '2-1 Нарийн бичгийн дарга-Албан хэргийн ажилтан', 2.5, 1, 0),
(13, '2-2 Хэвлэлийн график дизайнч', 2.5, 1, 0),
(14, '2-3 Тогооч', 2.5, 1, 0),
(15, '2-4 Оёмол бүтээгдэхүүний оёдолчин', 2.5, 1, 0),
(16, '2-5 Барилгын цахилгаанчин', 2.5, 1, 0),
(17, '2-6 Хүнд машин, механизмын засварчин', 2.5, 1, 0),
(18, '2-7 Уул уурхайн машин, тоног төхөөрөмжийн механик', 2.5, 1, 0),
(19, '2-8 Барилгын засал чимэглэлчин', 2.5, 1, 0),
(20, '2-9 Барилгын сантехникч', 2.5, 1, 0),
(21, '3-1 Хэвлэлийн график дизайнч', 2.5, 1, 0),
(22, '3-2 Компьютерийн оператор', 2.5, 1, 0),
(23, '3-3 Тогооч', 2.5, 1, 0),
(24, '3-4 Оёмол бүтээгдэхүүний оёдолчин', 2.5, 1, 0),
(25, '3-5 Барилгын засал-чимэглэлчин', 2.5, 1, 0),
(26, '3-6 Барилгын цахилгаанчин', 2.5, 1, 0),
(27, '3-7 Барилгын сантехникч', 2.5, 1, 0),
(28, '3-8 Хүнд машин механизмын засварчин', 2.5, 1, 0),
(29, '3-9 Хүнд машин механизмийн засварчин', 2.5, 1, 0),
(30, '3-10 Автомашины засварчин', 2.5, 1, 0);

-- --------------------------------------------------------

--
-- Table structure for table `irc`
--

DROP TABLE IF EXISTS `irc`;
CREATE TABLE IF NOT EXISTS `irc` (
  `id` int NOT NULL AUTO_INCREMENT,
  `state` int NOT NULL,
  `sid` int NOT NULL,
  `lessonid` int NOT NULL,
  `cag` int NOT NULL,
  `teacherid` int NOT NULL,
  `classid` int NOT NULL,
  `ognoo` date DEFAULT NULL,
  `bich` datetime DEFAULT CURRENT_TIMESTAMP,
  PRIMARY KEY (`id`)
) ENGINE=MyISAM AUTO_INCREMENT=1954 DEFAULT CHARSET=utf8mb3 COLLATE=utf8_unicode_ci;

--
-- Dumping data for table `irc`
--

INSERT INTO `irc` (`id`, `state`, `sid`, `lessonid`, `cag`, `teacherid`, `classid`, `ognoo`, `bich`) VALUES
(1654, 1, 518, 1, 1, 1, 1, '2021-12-03', '2021-12-03 18:22:26'),
(1655, 1, 521, 1, 1, 1, 1, '2021-12-03', '2021-12-03 18:22:26'),
(1656, 1, 503, 1, 1, 1, 1, '2021-12-03', '2021-12-03 18:22:26'),
(1657, 1, 515, 1, 1, 1, 1, '2021-12-03', '2021-12-03 18:22:26'),
(1658, 1, 501, 1, 1, 1, 1, '2021-12-03', '2021-12-03 18:22:26'),
(1659, 1, 522, 1, 1, 1, 1, '2021-12-03', '2021-12-03 18:22:26'),
(1660, 1, 516, 1, 1, 1, 1, '2021-12-03', '2021-12-03 18:22:26'),
(1661, 1, 507, 1, 1, 1, 1, '2021-12-03', '2021-12-03 18:22:26'),
(1662, 1, 502, 1, 1, 1, 1, '2021-12-03', '2021-12-03 18:22:26'),
(1663, 1, 499, 1, 1, 1, 1, '2021-12-03', '2021-12-03 18:22:26'),
(1664, 1, 519, 1, 1, 1, 1, '2021-12-03', '2021-12-03 18:22:26'),
(1665, 1, 504, 1, 1, 1, 1, '2021-12-03', '2021-12-03 18:22:26'),
(1666, 1, 524, 1, 1, 1, 1, '2021-12-03', '2021-12-03 18:22:26'),
(1667, 1, 510, 1, 1, 1, 1, '2021-12-03', '2021-12-03 18:22:26'),
(1668, 1, 525, 1, 1, 1, 1, '2021-12-03', '2021-12-03 18:22:26'),
(1669, 1, 505, 1, 1, 1, 1, '2021-12-03', '2021-12-03 18:22:26'),
(1670, 1, 511, 1, 1, 1, 1, '2021-12-03', '2021-12-03 18:22:26'),
(1671, 1, 498, 1, 1, 1, 1, '2021-12-03', '2021-12-03 18:22:26'),
(1672, 1, 520, 1, 1, 1, 1, '2021-12-03', '2021-12-03 18:22:26'),
(1673, 1, 508, 1, 1, 1, 1, '2021-12-03', '2021-12-03 18:22:26'),
(1674, 1, 517, 1, 1, 1, 1, '2021-12-03', '2021-12-03 18:22:26'),
(1675, 1, 506, 1, 1, 1, 1, '2021-12-03', '2021-12-03 18:22:26'),
(1676, 1, 509, 1, 1, 1, 1, '2021-12-03', '2021-12-03 18:22:26'),
(1677, 1, 523, 1, 1, 1, 1, '2021-12-03', '2021-12-03 18:22:26'),
(1678, 1, 500, 1, 1, 1, 1, '2021-12-03', '2021-12-03 18:22:26'),
(1679, 1, 512, 1, 1, 1, 1, '2021-12-03', '2021-12-03 18:22:26'),
(1680, 1, 513, 1, 1, 1, 1, '2021-12-03', '2021-12-03 18:22:26'),
(1681, 1, 514, 1, 1, 1, 1, '2021-12-03', '2021-12-03 18:22:26'),
(1682, 2, 518, 2, 2, 1, 1, '2021-12-03', '2021-12-03 18:22:51'),
(1683, 2, 521, 2, 2, 1, 1, '2021-12-03', '2021-12-03 18:22:51'),
(1684, 3, 503, 2, 2, 1, 1, '2021-12-03', '2021-12-03 18:22:51'),
(1685, 3, 515, 2, 2, 1, 1, '2021-12-03', '2021-12-03 18:22:51'),
(1686, 4, 501, 2, 2, 1, 1, '2021-12-03', '2021-12-03 18:22:51'),
(1687, 4, 522, 2, 2, 1, 1, '2021-12-03', '2021-12-03 18:22:51'),
(1688, 1, 516, 2, 2, 1, 1, '2021-12-03', '2021-12-03 18:22:51'),
(1689, 1, 507, 2, 2, 1, 1, '2021-12-03', '2021-12-03 18:22:51'),
(1690, 1, 502, 2, 2, 1, 1, '2021-12-03', '2021-12-03 18:22:51'),
(1691, 1, 499, 2, 2, 1, 1, '2021-12-03', '2021-12-03 18:22:51'),
(1692, 1, 519, 2, 2, 1, 1, '2021-12-03', '2021-12-03 18:22:51'),
(1693, 1, 504, 2, 2, 1, 1, '2021-12-03', '2021-12-03 18:22:51'),
(1694, 1, 524, 2, 2, 1, 1, '2021-12-03', '2021-12-03 18:22:51'),
(1695, 1, 510, 2, 2, 1, 1, '2021-12-03', '2021-12-03 18:22:51'),
(1696, 1, 525, 2, 2, 1, 1, '2021-12-03', '2021-12-03 18:22:51'),
(1697, 1, 505, 2, 2, 1, 1, '2021-12-03', '2021-12-03 18:22:51'),
(1698, 1, 511, 2, 2, 1, 1, '2021-12-03', '2021-12-03 18:22:51'),
(1699, 1, 498, 2, 2, 1, 1, '2021-12-03', '2021-12-03 18:22:51'),
(1700, 1, 520, 2, 2, 1, 1, '2021-12-03', '2021-12-03 18:22:51'),
(1701, 1, 508, 2, 2, 1, 1, '2021-12-03', '2021-12-03 18:22:51'),
(1702, 1, 517, 2, 2, 1, 1, '2021-12-03', '2021-12-03 18:22:51'),
(1703, 1, 506, 2, 2, 1, 1, '2021-12-03', '2021-12-03 18:22:51'),
(1704, 1, 509, 2, 2, 1, 1, '2021-12-03', '2021-12-03 18:22:51'),
(1705, 1, 523, 2, 2, 1, 1, '2021-12-03', '2021-12-03 18:22:51'),
(1706, 1, 500, 2, 2, 1, 1, '2021-12-03', '2021-12-03 18:22:51'),
(1707, 1, 512, 2, 2, 1, 1, '2021-12-03', '2021-12-03 18:22:51'),
(1708, 1, 513, 2, 2, 1, 1, '2021-12-03', '2021-12-03 18:22:51'),
(1709, 1, 514, 2, 2, 1, 1, '2021-12-03', '2021-12-03 18:22:51'),
(1710, 1, 518, 2, 3, 1, 1, '2021-12-03', '2021-12-03 18:23:11'),
(1711, 1, 521, 2, 3, 1, 1, '2021-12-03', '2021-12-03 18:23:11'),
(1712, 1, 503, 2, 3, 1, 1, '2021-12-03', '2021-12-03 18:23:11'),
(1713, 1, 515, 2, 3, 1, 1, '2021-12-03', '2021-12-03 18:23:11'),
(1714, 2, 501, 2, 3, 1, 1, '2021-12-03', '2021-12-03 18:23:11'),
(1715, 2, 522, 2, 3, 1, 1, '2021-12-03', '2021-12-03 18:23:11'),
(1716, 1, 516, 2, 3, 1, 1, '2021-12-03', '2021-12-03 18:23:11'),
(1717, 1, 507, 2, 3, 1, 1, '2021-12-03', '2021-12-03 18:23:11'),
(1718, 1, 502, 2, 3, 1, 1, '2021-12-03', '2021-12-03 18:23:11'),
(1719, 1, 499, 2, 3, 1, 1, '2021-12-03', '2021-12-03 18:23:11'),
(1720, 1, 519, 2, 3, 1, 1, '2021-12-03', '2021-12-03 18:23:11'),
(1721, 1, 504, 2, 3, 1, 1, '2021-12-03', '2021-12-03 18:23:11'),
(1722, 1, 524, 2, 3, 1, 1, '2021-12-03', '2021-12-03 18:23:11'),
(1723, 1, 510, 2, 3, 1, 1, '2021-12-03', '2021-12-03 18:23:11'),
(1724, 1, 525, 2, 3, 1, 1, '2021-12-03', '2021-12-03 18:23:11'),
(1725, 1, 505, 2, 3, 1, 1, '2021-12-03', '2021-12-03 18:23:11'),
(1726, 1, 511, 2, 3, 1, 1, '2021-12-03', '2021-12-03 18:23:11'),
(1727, 1, 498, 2, 3, 1, 1, '2021-12-03', '2021-12-03 18:23:11'),
(1728, 1, 520, 2, 3, 1, 1, '2021-12-03', '2021-12-03 18:23:11'),
(1729, 1, 508, 2, 3, 1, 1, '2021-12-03', '2021-12-03 18:23:11'),
(1730, 1, 517, 2, 3, 1, 1, '2021-12-03', '2021-12-03 18:23:11'),
(1731, 1, 506, 2, 3, 1, 1, '2021-12-03', '2021-12-03 18:23:11'),
(1732, 1, 509, 2, 3, 1, 1, '2021-12-03', '2021-12-03 18:23:11'),
(1733, 1, 523, 2, 3, 1, 1, '2021-12-03', '2021-12-03 18:23:11'),
(1734, 1, 500, 2, 3, 1, 1, '2021-12-03', '2021-12-03 18:23:11'),
(1735, 1, 512, 2, 3, 1, 1, '2021-12-03', '2021-12-03 18:23:11'),
(1736, 1, 513, 2, 3, 1, 1, '2021-12-03', '2021-12-03 18:23:11'),
(1737, 1, 514, 2, 3, 1, 1, '2021-12-03', '2021-12-03 18:23:11'),
(1738, 1, 518, 3, 4, 1, 1, '2021-12-03', '2021-12-03 18:23:27'),
(1739, 1, 521, 3, 4, 1, 1, '2021-12-03', '2021-12-03 18:23:27'),
(1740, 1, 503, 3, 4, 1, 1, '2021-12-03', '2021-12-03 18:23:27'),
(1741, 3, 515, 3, 4, 1, 1, '2021-12-03', '2021-12-03 18:23:27'),
(1742, 3, 501, 3, 4, 1, 1, '2021-12-03', '2021-12-03 18:23:27'),
(1743, 1, 522, 3, 4, 1, 1, '2021-12-03', '2021-12-03 18:23:27'),
(1744, 1, 516, 3, 4, 1, 1, '2021-12-03', '2021-12-03 18:23:27'),
(1745, 1, 507, 3, 4, 1, 1, '2021-12-03', '2021-12-03 18:23:27'),
(1746, 1, 502, 3, 4, 1, 1, '2021-12-03', '2021-12-03 18:23:27'),
(1747, 1, 499, 3, 4, 1, 1, '2021-12-03', '2021-12-03 18:23:27'),
(1748, 1, 519, 3, 4, 1, 1, '2021-12-03', '2021-12-03 18:23:27'),
(1749, 1, 504, 3, 4, 1, 1, '2021-12-03', '2021-12-03 18:23:27'),
(1750, 1, 524, 3, 4, 1, 1, '2021-12-03', '2021-12-03 18:23:27'),
(1751, 1, 510, 3, 4, 1, 1, '2021-12-03', '2021-12-03 18:23:27'),
(1752, 1, 525, 3, 4, 1, 1, '2021-12-03', '2021-12-03 18:23:27'),
(1753, 1, 505, 3, 4, 1, 1, '2021-12-03', '2021-12-03 18:23:27'),
(1754, 1, 511, 3, 4, 1, 1, '2021-12-03', '2021-12-03 18:23:27'),
(1755, 1, 498, 3, 4, 1, 1, '2021-12-03', '2021-12-03 18:23:27'),
(1756, 1, 520, 3, 4, 1, 1, '2021-12-03', '2021-12-03 18:23:27'),
(1757, 1, 508, 3, 4, 1, 1, '2021-12-03', '2021-12-03 18:23:27'),
(1758, 1, 517, 3, 4, 1, 1, '2021-12-03', '2021-12-03 18:23:27'),
(1759, 1, 506, 3, 4, 1, 1, '2021-12-03', '2021-12-03 18:23:27'),
(1760, 1, 509, 3, 4, 1, 1, '2021-12-03', '2021-12-03 18:23:27'),
(1761, 1, 523, 3, 4, 1, 1, '2021-12-03', '2021-12-03 18:23:27'),
(1762, 1, 500, 3, 4, 1, 1, '2021-12-03', '2021-12-03 18:23:27'),
(1763, 1, 512, 3, 4, 1, 1, '2021-12-03', '2021-12-03 18:23:27'),
(1764, 1, 513, 3, 4, 1, 1, '2021-12-03', '2021-12-03 18:23:27'),
(1765, 1, 514, 3, 4, 1, 1, '2021-12-03', '2021-12-03 18:23:27'),
(1766, 3, 29, 1, 5, 1, 13, '2021-12-03', '2021-12-03 18:23:44'),
(1767, 4, 30, 1, 5, 1, 13, '2021-12-03', '2021-12-03 18:23:44'),
(1768, 2, 31, 1, 5, 1, 13, '2021-12-03', '2021-12-03 18:23:44'),
(1769, 1, 32, 1, 5, 1, 13, '2021-12-03', '2021-12-03 18:23:44'),
(1770, 1, 33, 1, 5, 1, 13, '2021-12-03', '2021-12-03 18:23:44'),
(1771, 1, 34, 1, 5, 1, 13, '2021-12-03', '2021-12-03 18:23:44'),
(1772, 1, 35, 1, 5, 1, 13, '2021-12-03', '2021-12-03 18:23:44'),
(1773, 1, 28, 1, 5, 1, 13, '2021-12-03', '2021-12-03 18:23:44'),
(1774, 1, 36, 1, 5, 1, 13, '2021-12-03', '2021-12-03 18:23:44'),
(1775, 1, 37, 1, 5, 1, 13, '2021-12-03', '2021-12-03 18:23:44'),
(1776, 1, 38, 1, 5, 1, 13, '2021-12-03', '2021-12-03 18:23:44'),
(1777, 1, 39, 1, 5, 1, 13, '2021-12-03', '2021-12-03 18:23:44'),
(1778, 1, 40, 1, 5, 1, 13, '2021-12-03', '2021-12-03 18:23:44'),
(1779, 1, 41, 1, 5, 1, 13, '2021-12-03', '2021-12-03 18:23:44'),
(1780, 1, 42, 1, 5, 1, 13, '2021-12-03', '2021-12-03 18:23:44'),
(1781, 1, 43, 1, 5, 1, 13, '2021-12-03', '2021-12-03 18:23:44'),
(1782, 1, 44, 1, 5, 1, 13, '2021-12-03', '2021-12-03 18:23:44'),
(1783, 1, 45, 1, 5, 1, 13, '2021-12-03', '2021-12-03 18:23:44'),
(1784, 1, 46, 1, 5, 1, 13, '2021-12-03', '2021-12-03 18:23:44'),
(1785, 1, 47, 1, 5, 1, 13, '2021-12-03', '2021-12-03 18:23:44'),
(1786, 1, 48, 1, 5, 1, 13, '2021-12-03', '2021-12-03 18:23:44'),
(1787, 1, 49, 1, 5, 1, 13, '2021-12-03', '2021-12-03 18:23:44'),
(1788, 1, 237, 1, 1, 1, 22, '2021-12-06', '2021-12-06 11:09:19'),
(1789, 3, 236, 1, 1, 1, 22, '2021-12-06', '2021-12-06 11:09:19'),
(1790, 3, 238, 1, 1, 1, 22, '2021-12-06', '2021-12-06 11:09:19'),
(1791, 4, 239, 1, 1, 1, 22, '2021-12-06', '2021-12-06 11:09:19'),
(1792, 4, 240, 1, 1, 1, 22, '2021-12-06', '2021-12-06 11:09:19'),
(1793, 1, 241, 1, 1, 1, 22, '2021-12-06', '2021-12-06 11:09:19'),
(1794, 1, 242, 1, 1, 1, 22, '2021-12-06', '2021-12-06 11:09:19'),
(1795, 1, 255, 1, 1, 1, 22, '2021-12-06', '2021-12-06 11:09:19'),
(1796, 1, 243, 1, 1, 1, 22, '2021-12-06', '2021-12-06 11:09:19'),
(1797, 1, 257, 1, 1, 1, 22, '2021-12-06', '2021-12-06 11:09:19'),
(1798, 1, 244, 1, 1, 1, 22, '2021-12-06', '2021-12-06 11:09:19'),
(1799, 1, 245, 1, 1, 1, 22, '2021-12-06', '2021-12-06 11:09:19'),
(1800, 1, 246, 1, 1, 1, 22, '2021-12-06', '2021-12-06 11:09:19'),
(1801, 1, 256, 1, 1, 1, 22, '2021-12-06', '2021-12-06 11:09:19'),
(1802, 1, 247, 1, 1, 1, 22, '2021-12-06', '2021-12-06 11:09:19'),
(1803, 1, 248, 1, 1, 1, 22, '2021-12-06', '2021-12-06 11:09:19'),
(1804, 1, 249, 1, 1, 1, 22, '2021-12-06', '2021-12-06 11:09:19'),
(1805, 1, 250, 1, 1, 1, 22, '2021-12-06', '2021-12-06 11:09:19'),
(1806, 1, 251, 1, 1, 1, 22, '2021-12-06', '2021-12-06 11:09:19'),
(1807, 1, 253, 1, 1, 1, 22, '2021-12-06', '2021-12-06 11:09:19'),
(1808, 1, 252, 1, 1, 1, 22, '2021-12-06', '2021-12-06 11:09:19'),
(1809, 1, 254, 1, 1, 1, 22, '2021-12-06', '2021-12-06 11:09:19'),
(1810, 3, 237, 4, 2, 1, 22, '2021-12-06', '2021-12-06 11:10:23'),
(1811, 3, 236, 4, 2, 1, 22, '2021-12-06', '2021-12-06 11:10:23'),
(1812, 2, 238, 4, 2, 1, 22, '2021-12-06', '2021-12-06 11:10:23'),
(1813, 2, 239, 4, 2, 1, 22, '2021-12-06', '2021-12-06 11:10:23'),
(1814, 1, 240, 4, 2, 1, 22, '2021-12-06', '2021-12-06 11:10:23'),
(1815, 1, 241, 4, 2, 1, 22, '2021-12-06', '2021-12-06 11:10:23'),
(1816, 1, 242, 4, 2, 1, 22, '2021-12-06', '2021-12-06 11:10:23'),
(1817, 1, 255, 4, 2, 1, 22, '2021-12-06', '2021-12-06 11:10:23'),
(1818, 1, 243, 4, 2, 1, 22, '2021-12-06', '2021-12-06 11:10:23'),
(1819, 1, 257, 4, 2, 1, 22, '2021-12-06', '2021-12-06 11:10:23'),
(1820, 1, 244, 4, 2, 1, 22, '2021-12-06', '2021-12-06 11:10:23'),
(1821, 1, 245, 4, 2, 1, 22, '2021-12-06', '2021-12-06 11:10:23'),
(1822, 1, 246, 4, 2, 1, 22, '2021-12-06', '2021-12-06 11:10:23'),
(1823, 1, 256, 4, 2, 1, 22, '2021-12-06', '2021-12-06 11:10:23'),
(1824, 1, 247, 4, 2, 1, 22, '2021-12-06', '2021-12-06 11:10:23'),
(1825, 1, 248, 4, 2, 1, 22, '2021-12-06', '2021-12-06 11:10:23'),
(1826, 1, 249, 4, 2, 1, 22, '2021-12-06', '2021-12-06 11:10:23'),
(1827, 1, 250, 4, 2, 1, 22, '2021-12-06', '2021-12-06 11:10:23'),
(1828, 1, 251, 4, 2, 1, 22, '2021-12-06', '2021-12-06 11:10:23'),
(1829, 1, 253, 4, 2, 1, 22, '2021-12-06', '2021-12-06 11:10:23'),
(1830, 1, 252, 4, 2, 1, 22, '2021-12-06', '2021-12-06 11:10:23'),
(1831, 1, 254, 4, 2, 1, 22, '2021-12-06', '2021-12-06 11:10:23'),
(1832, 1, 220, 5, 1, 2, 30, '2021-12-06', '2021-12-06 14:47:46'),
(1833, 2, 221, 5, 1, 2, 30, '2021-12-06', '2021-12-06 14:47:46'),
(1834, 3, 222, 5, 1, 2, 30, '2021-12-06', '2021-12-06 14:47:46'),
(1835, 4, 218, 5, 1, 2, 30, '2021-12-06', '2021-12-06 14:47:46'),
(1836, 1, 223, 5, 1, 2, 30, '2021-12-06', '2021-12-06 14:47:46'),
(1837, 1, 219, 5, 1, 2, 30, '2021-12-06', '2021-12-06 14:47:46'),
(1838, 1, 224, 5, 1, 2, 30, '2021-12-06', '2021-12-06 14:47:46'),
(1839, 1, 225, 5, 1, 2, 30, '2021-12-06', '2021-12-06 14:47:46'),
(1840, 1, 226, 5, 1, 2, 30, '2021-12-06', '2021-12-06 14:47:46'),
(1841, 1, 227, 5, 1, 2, 30, '2021-12-06', '2021-12-06 14:47:46'),
(1842, 1, 228, 5, 1, 2, 30, '2021-12-06', '2021-12-06 14:47:46'),
(1843, 1, 229, 5, 1, 2, 30, '2021-12-06', '2021-12-06 14:47:46'),
(1844, 1, 230, 5, 1, 2, 30, '2021-12-06', '2021-12-06 14:47:46'),
(1845, 1, 231, 5, 1, 2, 30, '2021-12-06', '2021-12-06 14:47:46'),
(1846, 1, 232, 5, 1, 2, 30, '2021-12-06', '2021-12-06 14:47:46'),
(1847, 1, 233, 5, 1, 2, 30, '2021-12-06', '2021-12-06 14:47:46'),
(1848, 1, 234, 5, 1, 2, 30, '2021-12-06', '2021-12-06 14:47:46'),
(1849, 1, 235, 5, 1, 2, 30, '2021-12-06', '2021-12-06 14:47:46'),
(1850, 2, 220, 6, 2, 2, 30, '2021-12-06', '2021-12-06 15:00:00'),
(1851, 2, 221, 6, 2, 2, 30, '2021-12-06', '2021-12-06 15:00:00'),
(1852, 3, 222, 6, 2, 2, 30, '2021-12-06', '2021-12-06 15:00:00'),
(1853, 3, 218, 6, 2, 2, 30, '2021-12-06', '2021-12-06 15:00:00'),
(1854, 4, 223, 6, 2, 2, 30, '2021-12-06', '2021-12-06 15:00:00'),
(1855, 4, 219, 6, 2, 2, 30, '2021-12-06', '2021-12-06 15:00:00'),
(1856, 1, 224, 6, 2, 2, 30, '2021-12-06', '2021-12-06 15:00:00'),
(1857, 1, 225, 6, 2, 2, 30, '2021-12-06', '2021-12-06 15:00:00'),
(1858, 1, 226, 6, 2, 2, 30, '2021-12-06', '2021-12-06 15:00:00'),
(1859, 1, 227, 6, 2, 2, 30, '2021-12-06', '2021-12-06 15:00:00'),
(1860, 1, 228, 6, 2, 2, 30, '2021-12-06', '2021-12-06 15:00:00'),
(1861, 1, 229, 6, 2, 2, 30, '2021-12-06', '2021-12-06 15:00:00'),
(1862, 1, 230, 6, 2, 2, 30, '2021-12-06', '2021-12-06 15:00:00'),
(1863, 1, 231, 6, 2, 2, 30, '2021-12-06', '2021-12-06 15:00:00'),
(1864, 1, 232, 6, 2, 2, 30, '2021-12-06', '2021-12-06 15:00:00'),
(1865, 1, 233, 6, 2, 2, 30, '2021-12-06', '2021-12-06 15:00:00'),
(1866, 1, 234, 6, 2, 2, 30, '2021-12-06', '2021-12-06 15:00:00'),
(1867, 1, 235, 6, 2, 2, 30, '2021-12-06', '2021-12-06 15:00:00'),
(1868, 1, 220, 5, 3, 2, 30, '2021-12-06', '2021-12-06 15:00:11'),
(1869, 2, 221, 5, 3, 2, 30, '2021-12-06', '2021-12-06 15:00:11'),
(1870, 2, 222, 5, 3, 2, 30, '2021-12-06', '2021-12-06 15:00:11'),
(1871, 1, 218, 5, 3, 2, 30, '2021-12-06', '2021-12-06 15:00:11'),
(1872, 1, 223, 5, 3, 2, 30, '2021-12-06', '2021-12-06 15:00:11'),
(1873, 1, 219, 5, 3, 2, 30, '2021-12-06', '2021-12-06 15:00:11'),
(1874, 3, 224, 5, 3, 2, 30, '2021-12-06', '2021-12-06 15:00:11'),
(1875, 1, 225, 5, 3, 2, 30, '2021-12-06', '2021-12-06 15:00:11'),
(1876, 1, 226, 5, 3, 2, 30, '2021-12-06', '2021-12-06 15:00:11'),
(1877, 4, 227, 5, 3, 2, 30, '2021-12-06', '2021-12-06 15:00:11'),
(1878, 1, 228, 5, 3, 2, 30, '2021-12-06', '2021-12-06 15:00:11'),
(1879, 1, 229, 5, 3, 2, 30, '2021-12-06', '2021-12-06 15:00:11'),
(1880, 1, 230, 5, 3, 2, 30, '2021-12-06', '2021-12-06 15:00:11'),
(1881, 1, 231, 5, 3, 2, 30, '2021-12-06', '2021-12-06 15:00:11'),
(1882, 1, 232, 5, 3, 2, 30, '2021-12-06', '2021-12-06 15:00:11'),
(1883, 1, 233, 5, 3, 2, 30, '2021-12-06', '2021-12-06 15:00:11'),
(1884, 1, 234, 5, 3, 2, 30, '2021-12-06', '2021-12-06 15:00:11'),
(1885, 1, 235, 5, 3, 2, 30, '2021-12-06', '2021-12-06 15:00:11'),
(1886, 1, 220, 1, 4, 1, 30, '2021-12-06', '2021-12-06 15:04:25'),
(1887, 2, 221, 1, 4, 1, 30, '2021-12-06', '2021-12-06 15:04:25'),
(1888, 3, 222, 1, 4, 1, 30, '2021-12-06', '2021-12-06 15:04:25'),
(1889, 4, 218, 1, 4, 1, 30, '2021-12-06', '2021-12-06 15:04:25'),
(1890, 4, 223, 1, 4, 1, 30, '2021-12-06', '2021-12-06 15:04:25'),
(1891, 1, 219, 1, 4, 1, 30, '2021-12-06', '2021-12-06 15:04:25'),
(1892, 1, 224, 1, 4, 1, 30, '2021-12-06', '2021-12-06 15:04:25'),
(1893, 1, 225, 1, 4, 1, 30, '2021-12-06', '2021-12-06 15:04:25'),
(1894, 1, 226, 1, 4, 1, 30, '2021-12-06', '2021-12-06 15:04:25'),
(1895, 1, 227, 1, 4, 1, 30, '2021-12-06', '2021-12-06 15:04:25'),
(1896, 1, 228, 1, 4, 1, 30, '2021-12-06', '2021-12-06 15:04:25'),
(1897, 1, 229, 1, 4, 1, 30, '2021-12-06', '2021-12-06 15:04:25'),
(1898, 1, 230, 1, 4, 1, 30, '2021-12-06', '2021-12-06 15:04:25'),
(1899, 1, 231, 1, 4, 1, 30, '2021-12-06', '2021-12-06 15:04:25'),
(1900, 1, 232, 1, 4, 1, 30, '2021-12-06', '2021-12-06 15:04:25'),
(1901, 1, 233, 1, 4, 1, 30, '2021-12-06', '2021-12-06 15:04:25'),
(1902, 1, 234, 1, 4, 1, 30, '2021-12-06', '2021-12-06 15:04:25'),
(1903, 1, 235, 1, 4, 1, 30, '2021-12-06', '2021-12-06 15:04:25'),
(1904, 2, 518, 1, 1, 1, 1, '2021-12-07', '2021-12-07 09:19:23'),
(1905, 2, 521, 1, 1, 1, 1, '2021-12-07', '2021-12-07 09:19:23'),
(1906, 3, 503, 1, 1, 1, 1, '2021-12-07', '2021-12-07 09:19:23'),
(1907, 3, 515, 1, 1, 1, 1, '2021-12-07', '2021-12-07 09:19:23'),
(1908, 4, 501, 1, 1, 1, 1, '2021-12-07', '2021-12-07 09:19:23'),
(1909, 4, 522, 1, 1, 1, 1, '2021-12-07', '2021-12-07 09:19:23'),
(1910, 1, 516, 1, 1, 1, 1, '2021-12-07', '2021-12-07 09:19:23'),
(1911, 1, 507, 1, 1, 1, 1, '2021-12-07', '2021-12-07 09:19:23'),
(1912, 1, 502, 1, 1, 1, 1, '2021-12-07', '2021-12-07 09:19:23'),
(1913, 1, 499, 1, 1, 1, 1, '2021-12-07', '2021-12-07 09:19:23'),
(1914, 1, 519, 1, 1, 1, 1, '2021-12-07', '2021-12-07 09:19:23'),
(1915, 1, 504, 1, 1, 1, 1, '2021-12-07', '2021-12-07 09:19:23'),
(1916, 1, 524, 1, 1, 1, 1, '2021-12-07', '2021-12-07 09:19:23'),
(1917, 1, 510, 1, 1, 1, 1, '2021-12-07', '2021-12-07 09:19:23'),
(1918, 1, 525, 1, 1, 1, 1, '2021-12-07', '2021-12-07 09:19:23'),
(1919, 1, 505, 1, 1, 1, 1, '2021-12-07', '2021-12-07 09:19:23'),
(1920, 1, 511, 1, 1, 1, 1, '2021-12-07', '2021-12-07 09:19:23'),
(1921, 1, 498, 1, 1, 1, 1, '2021-12-07', '2021-12-07 09:19:23'),
(1922, 1, 520, 1, 1, 1, 1, '2021-12-07', '2021-12-07 09:19:23'),
(1923, 1, 508, 1, 1, 1, 1, '2021-12-07', '2021-12-07 09:19:23'),
(1924, 1, 517, 1, 1, 1, 1, '2021-12-07', '2021-12-07 09:19:23'),
(1925, 1, 506, 1, 1, 1, 1, '2021-12-07', '2021-12-07 09:19:23'),
(1926, 1, 509, 1, 1, 1, 1, '2021-12-07', '2021-12-07 09:19:23'),
(1927, 1, 523, 1, 1, 1, 1, '2021-12-07', '2021-12-07 09:19:23'),
(1928, 1, 500, 1, 1, 1, 1, '2021-12-07', '2021-12-07 09:19:23'),
(1929, 1, 512, 1, 1, 1, 1, '2021-12-07', '2021-12-07 09:19:23'),
(1930, 1, 513, 1, 1, 1, 1, '2021-12-07', '2021-12-07 09:19:23'),
(1931, 1, 514, 1, 1, 1, 1, '2021-12-07', '2021-12-07 09:19:23'),
(1932, 4, 237, 2, 1, 1, 22, '2021-12-17', '2021-12-17 13:24:00'),
(1933, 4, 236, 2, 1, 1, 22, '2021-12-17', '2021-12-17 13:24:00'),
(1934, 1, 238, 2, 1, 1, 22, '2021-12-17', '2021-12-17 13:24:00'),
(1935, 1, 239, 2, 1, 1, 22, '2021-12-17', '2021-12-17 13:24:00'),
(1936, 1, 240, 2, 1, 1, 22, '2021-12-17', '2021-12-17 13:24:00'),
(1937, 1, 241, 2, 1, 1, 22, '2021-12-17', '2021-12-17 13:24:00'),
(1938, 4, 242, 2, 1, 1, 22, '2021-12-17', '2021-12-17 13:24:00'),
(1939, 1, 255, 2, 1, 1, 22, '2021-12-17', '2021-12-17 13:24:00'),
(1940, 4, 243, 2, 1, 1, 22, '2021-12-17', '2021-12-17 13:24:00'),
(1941, 4, 257, 2, 1, 1, 22, '2021-12-17', '2021-12-17 13:24:00'),
(1942, 1, 244, 2, 1, 1, 22, '2021-12-17', '2021-12-17 13:24:00'),
(1943, 1, 245, 2, 1, 1, 22, '2021-12-17', '2021-12-17 13:24:00'),
(1944, 1, 246, 2, 1, 1, 22, '2021-12-17', '2021-12-17 13:24:00'),
(1945, 1, 256, 2, 1, 1, 22, '2021-12-17', '2021-12-17 13:24:00'),
(1946, 1, 247, 2, 1, 1, 22, '2021-12-17', '2021-12-17 13:24:00'),
(1947, 1, 248, 2, 1, 1, 22, '2021-12-17', '2021-12-17 13:24:00'),
(1948, 1, 249, 2, 1, 1, 22, '2021-12-17', '2021-12-17 13:24:00'),
(1949, 1, 250, 2, 1, 1, 22, '2021-12-17', '2021-12-17 13:24:00'),
(1950, 1, 251, 2, 1, 1, 22, '2021-12-17', '2021-12-17 13:24:00'),
(1951, 1, 253, 2, 1, 1, 22, '2021-12-17', '2021-12-17 13:24:00'),
(1952, 1, 252, 2, 1, 1, 22, '2021-12-17', '2021-12-17 13:24:00'),
(1953, 1, 254, 2, 1, 1, 22, '2021-12-17', '2021-12-17 13:24:00');

-- --------------------------------------------------------

--
-- Table structure for table `students`
--

DROP TABLE IF EXISTS `students`;
CREATE TABLE IF NOT EXISTS `students` (
  `id` int NOT NULL AUTO_INCREMENT,
  `code` varchar(10) CHARACTER SET utf8 COLLATE utf8_unicode_ci NOT NULL,
  `fname` varchar(50) CHARACTER SET utf8 COLLATE utf8_unicode_ci NOT NULL,
  `lname` varchar(50) CHARACTER SET utf8 COLLATE utf8_unicode_ci NOT NULL,
  `gender` varchar(1) CHARACTER SET utf8 COLLATE utf8_unicode_ci NOT NULL,
  `phone` int NOT NULL,
  `email` varchar(50) CHARACTER SET utf8 COLLATE utf8_unicode_ci NOT NULL,
  `class` int NOT NULL,
  `pass` varchar(50) CHARACTER SET utf8 COLLATE utf8_unicode_ci NOT NULL,
  PRIMARY KEY (`id`)
) ENGINE=MyISAM AUTO_INCREMENT=688 DEFAULT CHARSET=utf8mb3 COLLATE=utf8_unicode_ci;

--
-- Dumping data for table `students`
--

INSERT INTO `students` (`id`, `code`, `fname`, `lname`, `gender`, `phone`, `email`, `class`, `pass`) VALUES
(3, 'йи06290313', 'Ганчимэг', 'Манал', 'm', 89957858, '', 12, ''),
(4, 'ЙЖ05291205', 'Батцэрэн', 'Эрдэмчимэг', 'f', 98937075, '', 12, ''),
(5, 'ЙЖ05272705', 'Нацагдорж', 'Хонгорзул', 'f', 88687582, '', 12, ''),
(6, 'ЙЖ05251109', 'Лхагвабат', 'Цэмшинэдүү', 'f', 88947692, '', 12, ''),
(7, 'ЙИ05311707', 'Буяннэмэх', 'Пүрэвдолгор', 'f', 90421117, '', 12, ''),
(8, 'ЙЮ05311508', 'Амарзул', 'Хонгорзул', 'f', 99323615, '', 12, ''),
(9, 'ЙЮ05240807', 'Баярсайхан', 'Түвшинсайхан', 'f', 90288086, '', 12, ''),
(10, 'ЙО05252201', 'Бямбасүрэн', 'Үүрцайх', 'f', 89668831, '', 12, ''),
(11, 'ЙЛ05252901', 'Чинболд', 'Баярмаа', 'f', 80264500, '', 12, ''),
(12, 'ЙО05271400', 'Шийлэгдорж', 'Саранзаяа', 'f', 95981584, '', 12, ''),
(13, 'ЙВ05313000', 'Бямбатогтох', 'Мөнхзаяа', 'f', 99415639, '', 12, ''),
(14, 'ЙА05250303', 'Шийлэгпүрэв', 'Ангарагсүрэн', 'f', 95533541, '', 12, ''),
(15, 'ЗЛ05240101', 'Самбууёндон', 'Бумдаш', 'f', 80873096, '', 12, ''),
(16, 'ЙЮ03272645', 'Наранцэцэг', 'Батчимэг', 'f', 85307238, '', 12, ''),
(17, 'ЙЮ04282602', 'Жаргалсайхан', 'Нанжидмаа', 'f', 89664755, '', 12, ''),
(18, 'ЙМ02252206', 'Хоондой', 'Отгончимэг', 'f', 88746859, '', 12, ''),
(19, 'ЙП02271904', 'Батмөнх', 'Наранханд', 'f', 96299219, '', 12, ''),
(20, 'ЙЮ04322024', 'Эрдэнэбуян', 'Сүнжидмаа', 'f', 80911209, '', 12, ''),
(21, 'ЙИ02321104', 'Батчулуун', 'Лхам-янжин', 'f', 90951211, '', 12, ''),
(22, 'ЙЮ03251522', 'Нэмэхжаргал', 'Пүрэвсүрэн', 'f', 89133779, '', 12, ''),
(23, 'ЙЮ05321408', 'Пүрэвдорж', 'Буяннэмэх', 'f', 86846446, '', 12, ''),
(24, 'ЙО04243000', 'Эрдэнэчимэг', 'Хоролням', 'f', 95633624, '', 12, ''),
(25, 'ЙМ03282300', 'Борхүү', 'Энхзул', 'f', 99817953, '', 12, ''),
(26, 'ЙЖ97031901', 'Даваадорж', 'Хонгорзул', 'f', 89991858, '', 12, ''),
(27, 'ЙЮ05320809', 'Болдбаатар', 'Мөнхцэцэг', 'f', 99792174, '', 12, ''),
(28, 'йо05301201', 'баясгалантогоо', 'лхагвадаш', 'f', 90820932, '', 13, ''),
(29, 'ЙИ05300401', 'Бямбацэрэн', 'Ангирмаа', 'f', 80318689, '', 13, ''),
(30, 'ЙО05210905', 'Нэргүй', 'Баасансүрэн', 'f', 88309452, '', 13, ''),
(31, 'ЙЮ05310613', 'Буяндүүрэн', 'Буяноргил', 'm', 96403536, '', 13, ''),
(32, 'ЙВ05272905', 'Баянхангай', 'Буянхишиг', 'f', 88592271, '', 13, ''),
(33, 'ЙО05261802', 'Дорждэрэм', 'Бямбадолгор', 'f', 89572021, '', 13, ''),
(34, 'ЙЛ04292926', 'Рагчаа', 'Даариймаа', 'f', 80736345, '', 13, ''),
(35, 'ЙЗ04311511', 'Цэдэнсодном', 'Золбаяр', 'm', 88324458, '', 13, ''),
(36, 'ЙЮ05282939', 'Дэмбэрэлжанцан', 'Маналсүрэн', 'm', 96903330, '', 13, ''),
(37, 'ЙО05292711', 'Очирбат', 'Мөнхбаяр', 'm', 95359514, '', 13, ''),
(38, 'ЙО05312002', 'Даваадорж', 'Нямсүрэн', 'f', 95755887, '', 13, ''),
(39, 'ЙЮ05221213', 'Цэрэндэмбэрэл', 'Сандуйжав', 'm', 91820212, '', 13, ''),
(40, 'ЙЮ07251518', 'Доржсүрэн', 'Содгэрэл', 'm', 99547315, '', 13, ''),
(41, 'ЙЙ05260630', 'Эрдэнэлхагва', 'Сорогнямбаяр', 'm', 99120862, '', 13, ''),
(42, 'ЙО05321206', 'Даваацэрэн', 'Сумъяасүрэн', 'f', 94922006, '', 13, ''),
(43, 'ЙЮ05281035', 'Болормаа', 'Тэлмэн', 'm', 89090810, '', 13, ''),
(44, 'ЙА05311902', 'Буяннэмэх', 'Удвал', 'f', 80913244, '', 13, ''),
(45, 'ЙЮ05240106', 'Намхайнямбуу', 'Үржинханд', 'f', 88923336, '', 13, ''),
(46, 'ЙР05280510', 'Батбаяр', 'Цагаанзам', 'm', 86864107, '', 13, ''),
(47, 'ЙЮ05312905', 'Дэлэгдулам', 'Цогзолмаа', 'f', 88800580, '', 13, ''),
(48, 'ЙО04231309', 'Хүрэлбаатар', 'Энхтуяа', 'f', 85685465, '', 13, ''),
(49, 'ЙЖ05291228', 'Батцэрэн', 'Эрдэмтуяа', 'f', 86489996, '', 13, ''),
(50, 'йю06211331', 'гэрэлчулуун', 'баяннамсрай', 'm', 88469076, '', 14, ''),
(51, 'йд04320706', 'тунгалагжаргал', 'буянжаргал', 'f', 80214315, '', 14, ''),
(52, 'йо05321001', 'жадамбаа', 'бямбадулам', 'f', 99691602, '', 14, ''),
(53, 'йм04241201', 'цогбадрах', 'даваасүрэн', 'f', 94645909, '', 14, ''),
(54, 'зл05290108', 'эрдэнэсүх', 'дагиймаа', 'f', 89960994, '', 14, ''),
(55, 'йп05220507', 'галхүү', 'загарзүсэм', 'f', 80363231, '', 14, ''),
(56, 'йд03301501', 'шажинбат', 'лхамосоржин', 'f', 88992568, '', 14, ''),
(57, 'йю05220221', 'дуламсүрэн', 'мягмарсүрэн', 'f', 89426656, '', 14, ''),
(58, 'йю05242615', 'отгонбаяр', 'мөнхсүлд', 'm', 85673035, '', 14, ''),
(59, 'йю04272801', 'нэмэхжаргал', 'нэргүй', 'f', 99817953, '', 14, ''),
(60, 'йа04320701', 'жаргал', 'одэрдэнэ', 'f', 86696067, '', 14, ''),
(61, 'йю05272714', 'даваасамбуу', 'ууганбаяр', 'm', 98014404, '', 14, ''),
(62, 'йж05242304', 'дэлгэр', 'хандсүрэн', 'f', 90276800, '', 14, ''),
(63, 'вв05311300', 'ганбат', 'цэцэгсайхан', 'f', 99326570, '', 14, ''),
(64, 'йд04221902', 'жаргалбат', 'энхжаргал', 'f', 80364577, '', 14, ''),
(65, 'йз04322606', 'баттөмөр', 'энхундрах', 'f', 88326644, '', 14, ''),
(66, 'йю04300844', 'золзаяа', 'энхжин', 'f', 86230601, '', 14, ''),
(67, 'йю06252421', 'Батдорж', 'Оюумаа', 'f', 94777992, '', 14, ''),
(68, 'йю05292206', 'Мөнхболд', 'Чаминчулуун', 'f', 0, '', 14, ''),
(69, 'йд02301715', 'Туваандорж', 'Жамсрансорогдог', 'm', 0, '', 14, ''),
(70, 'ЙП05320110', 'БАТСАЙХАН', 'Пүрэвбат', 'm', 0, '', 14, ''),
(71, 'ут03290401', 'Оюун', 'Намуунаа', 'f', 0, '', 14, ''),
(72, 'ЙЛ03241105', 'Батлут', 'Нансаа', 'f', 0, '', 14, ''),
(73, 'ЙО05282429', 'БААТАР', 'АЛТАНЦЭЦЭГ', 'f', 93149303, '', 15, ''),
(74, 'ЙК02300601', 'Нямлхагва', 'Балжингарав', 'f', 88689059, '', 15, ''),
(75, 'йм05220409', 'Алтангэрэл', 'Бундцэцэг', 'f', 89604484, '', 15, ''),
(76, 'йп04321808', 'Долгормаа', 'Бямбадолгор', 'f', 98801386, '', 15, ''),
(77, 'йи05270501', 'Батжаргал', 'Дуламсорогням', 'f', 86140520, '', 15, ''),
(78, 'ЙД05231808', 'Цэрэндолгор', 'Жавхлан', 'f', 89961610, '', 15, ''),
(79, 'ЙА03240522', 'Бат-өлзий', 'Загарзүсэм', 'f', 89786770, '', 15, ''),
(80, 'йо04300501', 'Сангихорол', 'Мягмарсүрэн', 'f', 85807257, '', 15, ''),
(81, 'ЙД03292507', 'Лхавгацэрэн', 'Нандинцэцэг', 'f', 90747899, '', 15, ''),
(82, 'ЙВ05231207', 'Нямтогтох', 'Нарансолонго', 'f', 90243837, '', 15, ''),
(83, 'ЙП05252701', 'Пүрэвжав', 'Наранцацрал', 'f', 88594904, '', 15, ''),
(84, 'ЙМ05241509', 'Лүндээжанцан', 'Одмаа', 'f', 88967980, '', 15, ''),
(85, 'ЗЛ05242507', 'Тэгшжаргал', 'Сайхан', 'f', 80685030, '', 15, ''),
(86, 'ЙЮ05221509', 'Пүрэвдорж', 'Сувд-Эрдэнэ', 'f', 88387756, '', 15, ''),
(87, 'ЙЮ04252406', 'Мөнхдалай', 'Сэргэлэнбаяр', 'f', 89740424, '', 15, ''),
(88, 'ЙЮ04312705', 'Балжиннямбуу', 'Цэрэнханд', 'f', 86133350, '', 15, ''),
(89, 'ЙА04281405', 'Наранбат', 'Энхтүвшин', 'f', 90253466, '', 15, ''),
(90, 'ЙИ01272409', 'Дорж', 'Энхцэцэг', 'f', 88480054, '', 15, ''),
(91, 'йм03320706', 'Сайнжаргал', 'Гандолгор', 'f', 99583561, '', 15, ''),
(92, 'йа04271904', 'Цэрэндорж', 'Даваажаргал', 'f', 80866018, '', 15, ''),
(93, 'ЙГ03231609', 'Нандинцэцэг', 'Мөнхцэцэг', 'f', 0, '', 15, ''),
(94, 'ЙЮ02311201', 'Гэрэлчулуун', 'Ундрах', 'f', 0, '', 15, ''),
(95, 'ЙО03293018', 'Баасандорж', 'Барсболд', 'm', 80760930, '', 16, ''),
(96, 'ЙЮ04301135', 'Насанцэцэг', 'Алтанхуяг', 'm', 89191022, '', 16, ''),
(97, 'ЙО04260610', 'Мөнхбаатар', 'Галмандах', 'm', 99498946, '', 16, ''),
(98, 'ЙЮ05242518', 'Чинцэцэг', 'Билгүүн', 'm', 89362009, '', 16, ''),
(99, 'ЙЙ05280310', 'Оюунчимэг', 'Насантогтох', 'm', 89394878, '', 16, ''),
(100, 'ЙН05312317', 'Чагнаадорж', 'Батжаргал', 'm', 88328307, '', 16, ''),
(101, 'ЙП05271119', 'Ичинхорол', 'Далайбаяр', 'm', 95832711, '', 16, ''),
(102, 'ЙН05290517', 'Цэнд', 'Нямсүрэн', 'm', 89169757, '', 16, ''),
(103, 'ЙД05253017', 'Батсайхан', 'Ринчинмээдэг', 'm', 91192046, '', 16, ''),
(104, 'ЙЙ05271516', 'Цэнджав', 'Дөлгөөн', 'm', 94482432, '', 16, ''),
(105, 'ЙЛ04270714', 'Доржзовд', 'Гандаваа', 'm', 85595144, '', 16, ''),
(106, 'ЙК05250215', 'Дагданжамсран', 'Ариунболд', 'm', 86930399, '', 16, ''),
(107, 'ЙГ05230618', 'Дуламрагчаа', 'Дашням', 'm', 85556393, '', 16, ''),
(108, 'ЙИ04272616', 'Нэргүй', 'Даваахүү', 'm', 89828781, '', 16, ''),
(109, 'ЙВ05293019', 'Цэдэвсүрэн', 'Сугаржав', 'm', 89904932, '', 16, ''),
(110, 'ЙГ05230812', 'Батбаатар', 'Баярдалай', 'm', 80177654, '', 16, ''),
(111, 'ЙЖ05230414', 'Дамдинбаатар', 'Санжидмолом', 'm', 96897999, '', 16, ''),
(112, 'ЙЛ04310814', 'Ганболд', 'Маналжав', 'm', 80219002, '', 16, ''),
(113, 'ЙЙ05250610', 'Отгонбанди', 'Барсболд', 'm', 85936852, '', 16, ''),
(114, 'ЙЮ05282411', 'Баттогтох', 'Ууган-Эрдэнэ', 'm', 99593821, '', 16, ''),
(115, 'ЙЮ05292311', 'Нандинцэцэг', 'Рагчаа', 'm', 80991333, '', 16, ''),
(116, 'ЙМ04263014', 'Сүрэн-Очир', 'Намсрай', 'm', 91650090, '', 16, ''),
(117, 'ЙЖ05291815', 'Гэндэндорж', 'Адъяадорж', 'm', 88705979, '', 16, ''),
(118, 'ЙЙ04291116', 'Баасандолгор', 'Дашням', 'm', 85393296, '', 16, ''),
(119, 'зл05242416', 'МӨНХЗАЯА', 'АНХБАЯР', 'm', 99450735, '', 17, ''),
(120, 'йю04321251', 'Цэрэнпунцаг', 'Бадрахсүрэн', 'm', 89829008, '', 17, ''),
(121, 'йю05211917', 'Түвшинбаяр', 'Балжинням', 'm', 88313021, '', 17, ''),
(122, 'йю05291334', 'Ганболд', 'Билгүүн', 'm', 94477899, '', 17, ''),
(123, 'йо05312213', 'Мөнхбат', 'Галмандах', 'm', 85202046, '', 17, ''),
(124, 'йю05212214', 'Ганхуяг', 'Гантөмөр', 'm', 95779118, '', 17, ''),
(125, 'вл05211417', 'Эрдэнэмандал', 'Жанцандорж', 'm', 88685514, '', 17, ''),
(126, 'йк05300711', 'Шаарав', 'Жамъянсүрэн', 'm', 88271164, '', 17, ''),
(127, 'йю05231611', 'Мөнхтогоо', 'Лхагвасүрэн', 'm', 88403297, '', 17, ''),
(128, 'йг04221011', 'Пүрэвээ', 'Мандалсүрэн', 'm', 99833945, '', 17, ''),
(129, 'ЙИ05232418', 'ГАНХУЯГ', 'МАНДАХБАЯР', 'm', 85938466, '', 17, ''),
(130, 'йб05282915', 'Чулуунхүү', 'Мянганбаяр', 'm', 99483912, '', 17, ''),
(131, 'йс05222734', 'Алтанцэцэг', 'Одгэрэл', 'm', 80717376, '', 17, ''),
(132, 'йв05312019', 'Төрбат', 'Ойдов', 'm', 85593228, '', 17, ''),
(133, 'йм05220113', 'Батдулам', 'Иштөгөлдөр', 'm', 89390408, '', 17, ''),
(134, 'йв05312213', 'Нэргүй', 'Санжидмолом', 'm', 80339095, '', 17, ''),
(135, 'йб05222415', 'Баттогтох', 'Чагнаадорж', 'm', 94635317, '', 17, ''),
(136, 'уо05210416', 'Алтансүх', 'Чинзориг', 'm', 88183279, '', 17, ''),
(137, 'йа05271312', 'Түмэндорж', 'Чулуунмөнх', 'm', 95493422, '', 17, ''),
(138, 'йн06250114', 'Доржготов', 'Эрдэнэдалай', 'm', 86677006, '', 17, ''),
(139, 'йм05243015', 'Ханддулам', 'Эрдэнэсүх', 'm', 89268878, '', 17, ''),
(140, 'ЙО04323116', 'Доржсүрэн', 'Мөнхэрдэнэ', 'm', 94244251, '', 17, ''),
(141, 'йс05242813', 'Дуламсүрэн', 'Батмэнд', 'm', 89435833, '', 17, ''),
(142, 'йв05212918', 'Эрдэнэ-Очир', 'Энхтүвшин', 'm', 89268878, '', 17, ''),
(143, 'ЙВ06241917', 'Болд', 'Ширнин', 'm', 0, '', 17, ''),
(144, 'вз05272515', 'Батбаатар', 'Лувсандагва', 'm', 0, '', 17, ''),
(145, 'ЙВ05301714', 'Баяраа', 'Барсхүлэгтбаатар', 'm', 88580807, '', 18, ''),
(146, 'ЙЮ05242011', 'Мөнхбаатар', 'Баяндалай', 'm', 90845444, '', 18, ''),
(147, 'ЙЮ05291117', 'Батнаст', 'Гантөгс', 'm', 85862607, '', 18, ''),
(148, 'ЙЮ05261514', 'Батбаатар', 'Ган-Эрдэнэ', 'm', 86306044, '', 18, ''),
(149, 'ЙП04250110', 'Шийлэгдолгор', 'Зочинтөгөлдөр', 'm', 89844979, '', 18, ''),
(150, 'ЙО05322051', 'Эрдэнэчимэг', 'Мөнх-Оргил', 'm', 95366325, '', 18, ''),
(151, 'ЙБ05232013', 'Эрдэнэцогт', 'Намхайнямбуу', 'm', 88271519, '', 18, ''),
(152, 'ВЗ05261919', 'Пүрэвжав', 'Нямжав', 'm', 99538940, '', 18, ''),
(153, 'ЙО05290812', 'Бундхорол', 'Пүрэвдаш', 'm', 98322131, '', 18, ''),
(154, 'ЙО05262310', 'Баасансүрэн', 'Пүрэвсүрэн', 'm', 89444256, '', 18, ''),
(155, 'ЙП04301410', 'Пүрэвтогтох', 'Пүрэвсүрэн', 'm', 88308654, '', 18, ''),
(156, 'ЙК05272011', 'Ёндонжамц', 'Отгонбаяр', 'm', 95404161, '', 18, ''),
(157, 'ЙА04251312', 'Алтай', 'Төмөрбаатар', 'm', 86007490, '', 18, ''),
(158, 'ЙО05270756', 'Угтахбаяр', 'Түвдэн', 'm', 86233321, '', 18, ''),
(159, 'ЙЮ04260510', 'Ганбаатар', 'Ундрахцолмон', 'm', 89987119, '', 18, ''),
(160, 'ЙЛ05302312', 'Отгонбаатар', 'Цанлигринчин', 'm', 80624024, '', 18, ''),
(161, 'ЙВ05290812', 'Ням-Очир', 'Цэрэнтогтох', 'm', 86320889, '', 18, ''),
(162, 'ЙЮ05231814', 'Ариунаа', 'Чулуунбор', 'm', 89610315, '', 18, ''),
(163, 'ЙО05320818', 'Данзандож', 'Чулуунпүрэв', 'm', 93077754, '', 18, ''),
(164, 'ЙИ05312614', 'Цэрэнтогтох', 'Энхбаяр', 'm', 99568635, '', 18, ''),
(165, 'ЙМ05321517', 'Гантулга', 'Азжаргал', 'm', 85921510, '', 18, ''),
(166, 'ЙВ03301111', 'Энхжаргал', 'Эрдэнэбаяр', 'm', 89736263, '', 18, ''),
(167, 'ЙВ05321417', 'Нямсүрэн', 'Мөнх-Эрдэнэ', 'm', 86595596, '', 18, ''),
(168, 'ЙМ05250311', 'Атарболд', 'Мөнхбат', 'm', 90333187, '', 18, ''),
(169, 'ЙЮ05230731', 'Самбуу', 'Эрдэнэхүү', 'm', 94163098, '', 18, ''),
(170, 'ЙР02272416', 'Батбаяр', 'Эрдэнэчулуун', 'm', 95397559, '', 18, ''),
(171, 'ЙЮ04302811', 'Мягмарсүрэн', 'Дүүрэнтогтох', 'm', 89992151, '', 18, ''),
(172, 'ЙЯ05261917', 'Чулуун', 'Баяржаргал', 'm', 99321314, '', 18, ''),
(173, 'йю03260418', 'Батбилэг', 'Бүрэнбаатар', 'm', 0, '', 18, ''),
(174, 'ЙЮ05251711', 'Батболд', 'Буяндэлгэр', 'm', 86138233, '', 18, ''),
(175, 'ЙК05231014', 'Төмөрхуяг', 'Пүрэвдорж', 'm', 86780310, '', 18, ''),
(176, 'ЙЮ04251112', 'Буянжаргал', 'Буянбаяр', 'm', 80908920, '', 19, ''),
(177, 'йп02270912', 'Давгадорж', 'Хатанбаатар', 'm', 97144047, '', 19, ''),
(178, 'ЙН04241610', 'Солонго', 'Намбарнанзад', 'm', 89148838, '', 19, ''),
(179, 'йо05292916', 'Мөнхцэцэг', 'Мөнхэрдэнэ', 'm', 89294585, '', 19, ''),
(180, 'зл03240909', 'самбууёндон', 'Ариунтуяа', 'f', 89673339, '', 19, ''),
(181, 'ЙЙ03320411', 'Жамъян', 'Бээжин', 'm', 89895686, '', 19, ''),
(182, 'йн04270711', 'Чинбат', 'содномиш', 'm', 93221314, '', 19, ''),
(183, 'ЙО05311517', 'Гэрэлдалай', 'Нацагдорж', 'm', 85589415, '', 19, ''),
(184, 'ЙМ05282700', 'Эрдэнэбат', 'Төгөлдөрчимэг', 'f', 86346929, '', 19, ''),
(185, 'йд05271722', 'жаргалсайхан', 'эрдэнэцэцэг', 'f', 96582444, '', 19, ''),
(186, 'ЙМ04301403', 'мөнхдулам', 'Уранчимэг', 'f', 95323542, '', 19, ''),
(187, 'йз05222801', 'саранцэцэг', 'доржхорлоо', 'f', 95325657, '', 19, ''),
(188, 'йю05320205', 'должинсүрэн', 'хулан', 'f', 90150205, '', 19, ''),
(189, 'йд03213114', 'лхагвасүрэн', 'сэрбазар', 'm', 80669799, '', 19, ''),
(190, 'ЙА05241002', 'БАТСАЙХАН', 'ГАЙНДИЙМАА', 'f', 86698832, '', 19, ''),
(191, 'йю03250712', 'Мөнхбат', 'энхцогт', 'm', 0, '', 19, ''),
(192, 'йа05272914', 'Эрдэнэбат', 'Шинэхүү', 'm', 0, '', 19, ''),
(193, 'йй05280101', 'баттогтох', 'туяа', 'f', 0, '', 19, ''),
(194, 'йж05241901', 'баяржаргал', 'алтанчимэг', 'f', 0, '', 19, ''),
(195, 'йб05222301', 'мягмар', 'сувд-эрдэнэ', 'f', 0, '', 19, ''),
(196, 'йб05320113', 'Түмэнжаргал', 'Анхбаяр', 'm', 0, '', 20, ''),
(197, 'йл05241112', 'Батжаргал', 'Баатарчулуун', 'm', 80450386, '', 20, ''),
(198, 'йа04270718', 'Оюунчимэг', 'Баттүшиг', 'm', 89898042, '', 20, ''),
(199, 'йю04260111', 'Долгорсүрэн', 'Ганзориг', 'm', 86242622, '', 20, ''),
(200, 'йг05212210', 'Жаргалбат', 'Дондов', 'm', 86199295, '', 20, ''),
(201, 'йз98050816', 'Самдан', 'Төгөлдөр', 'm', 80875881, '', 20, ''),
(202, 'йс03300112', 'Түмэнжаргал', 'Тогтох', 'm', 89407076, '', 20, ''),
(203, 'йо04221911', 'Арслан', 'Цэндсүрэн', 'm', 95337064, '', 20, ''),
(204, 'йд04322816', 'Сүхбат', 'Гантөмөр', 'm', 88282949, '', 20, ''),
(205, 'ЙД05230212', 'Норовбямба', 'Түвшинжаргал', 'm', 99829598, '', 20, ''),
(206, 'йм04321511', 'Бямбадорж', 'Батэрдэнэ', 'm', 94323719, '', 20, ''),
(207, 'йл05222711', 'Чинбат', 'Давааэрдэнэ', 'm', 80943039, '', 20, ''),
(208, 'йв05322611', 'Янжинлхам', 'Даваажаргал', 'm', 89999730, '', 20, ''),
(209, 'йю05321038', 'Батбаатар', 'Сандагдорж', 'm', 96223333, '', 20, ''),
(210, 'йд05280219', 'Эрдэнэбат', 'Мөнгөншагай', 'm', 99720276, '', 20, ''),
(211, 'йю04312312', 'Эрдэнэочир', 'Мөнхбаяр', 'm', 86191125, '', 20, ''),
(212, 'йл06212017', 'Бямбасүрэн', 'Болдэрдэнэ', 'm', 94191933, '', 20, ''),
(213, 'йй05311217', 'Амартогтох', 'Басоргил', 'm', 89815759, '', 20, ''),
(214, 'йю05283116', 'Төмөрхуяг', 'Дэмчигдорж', 'm', 88079254, '', 20, ''),
(215, 'йл05231816', 'Алтангэрэл', 'Яндагдагмид', 'm', 80733384, '', 20, ''),
(216, 'йс05292410', 'Цэрэннадмид', 'БЯМБА-ОЧИР', 'm', 85836163, '', 20, ''),
(217, 'йп05232611', 'Доржсүрэн', 'Жаргалсайхан', 'm', 88329946, '', 20, ''),
(218, 'ЙМ99031313', 'Батчимэг', 'Бямбадорж', 'm', 99135035, '', 30, ''),
(219, 'ЙП05222156', 'Анхбаяр', 'Даваажаргал', 'm', 88327089, '', 30, ''),
(220, 'ЙП03311931', 'Батцэрэн', 'Азжаргал', 'm', 91695700, '', 30, ''),
(221, 'ЙЮ04220317', 'Буман-Аюуш', 'Алтангэрэл', 'm', 99323202, '', 30, ''),
(222, 'ЙЙ05210417', 'Отгонтогтоол', 'Буянболд', 'm', 91644777, '', 30, ''),
(223, 'ЙБ04320411', 'Чимэд-Очир', 'Ганбаяр', 'm', 94851259, '', 30, ''),
(224, 'ЙГ04280716', 'Отгонжаргал', 'Давгадорж', 'm', 89891182, '', 30, ''),
(225, 'ЙЮ04211814', 'Дэлгэрсайхан', 'Давгадорж', 'm', 88366906, '', 30, ''),
(226, 'ЙБ05282710', 'Баярсайхан', 'Дөлгөөн', 'm', 85915412, '', 30, ''),
(227, 'ЙИ04240955', 'Хүрэлбаатар', 'Нямдондов', 'm', 95507143, '', 30, ''),
(228, 'ЙЮ03321111', 'Бямба-Тогтох', 'Нямпүрэв', 'm', 88753239, '', 30, ''),
(229, 'ЙЮ03290531', 'Мөнхцэцэг', 'Оюунболд', 'm', 80661415, '', 30, ''),
(230, 'ЙП05270714', 'Шийрэвдорж', 'Сангибархас', 'm', 85659085, '', 30, ''),
(231, 'ЙЙ04323118', 'Баярмөнх', 'Сандагноржим', 'm', 99516462, '', 30, ''),
(232, 'ВЛ04281218', 'Чимэддорж', 'Түвшинбаяр', 'm', 94503982, '', 30, ''),
(233, 'ЙЮ03312511', 'Батсумъяа', 'Цэенойдов', 'm', 99572320, '', 30, ''),
(234, 'ЙЖ04231018', 'Азжаргал', 'Цэрэнтогтох', 'm', 89700310, '', 30, ''),
(235, 'ЙЮ04213035', 'Ичинноров', 'Чинзориг', 'm', 88953238, '', 30, ''),
(236, 'ЙЛ03262401', 'Оюунцэцэг', 'Буянбилэг', 'f', 80330372, '', 22, ''),
(237, 'ЙО04281909', 'Баасанжав', 'Балжмаа', 'f', 85559069, '', 22, ''),
(238, 'ЙО03261613', 'Базаррагчаа', 'Жамъянсүрэн', 'm', 94804351, '', 22, ''),
(239, 'ЙЛ04292510', 'Болдбаатар', 'Мөнх-Эрдэнэ', 'm', 86952004, '', 22, ''),
(240, 'ЙД03311114', 'Мэндсайхан', 'Намнансүрэн', 'm', 96213573, '', 22, ''),
(241, 'ЙЮ03210810', 'Цогтбаяр', 'Нямлхагва', 'm', 88210237, '', 22, ''),
(242, 'ЙК03281909', 'Нэргүй', 'Оюундарь', 'f', 88965969, '', 22, ''),
(243, 'ЙЛ02280613', 'Болдбаатар', 'Павагжамбал', 'm', 80421247, '', 22, ''),
(244, 'ЙЮ04282009', 'Гансүх', 'Саранчимэг', 'f', 94486587, '', 22, ''),
(245, 'ЙЮ01300705', 'Баттогтох', 'Сувд-Эрдэнэ', 'f', 94285347, '', 22, ''),
(246, 'ЙД02290211', 'Буянбат', 'Сумьяа', 'm', 80974091, '', 22, ''),
(247, 'ЙЮ05290518', 'Баатарсүрэн', 'Төгсбаяр', 'm', 99307858, '', 22, ''),
(248, 'ИЛ04220103', 'Бат-Эрдэнэ', 'Уранжаргал', 'f', 98120556, '', 22, ''),
(249, 'ЙЛ04242001', 'Гансүх', 'Үүрийнтуяа', 'f', 80279096, '', 22, ''),
(250, 'ЙК04310701', 'Нэргүй', 'Хишигцогзол', 'f', 88968949, '', 22, ''),
(251, 'ЙИ05222609', 'Хүрэлбаяр', 'Цэлмэгтэнгэр', 'f', 80276080, '', 22, ''),
(252, 'ВВ03283009', 'Ганбат', 'Цэцэгсүрэн', 'f', 94809513, '', 22, ''),
(253, 'ЙП05212905', 'Оюун', 'Цэрэнпагма', 'f', 95831768, '', 22, ''),
(254, 'ЙЮ03322029', 'Тунгалаг', 'Энхтуяа', 'f', 88204583, '', 22, ''),
(255, 'ЙВ03302312', 'Чулуунзориг', 'Өсөхболд', 'm', 85549326, '', 22, ''),
(256, 'ЙО04302820', 'Батчулуун', 'Сэндмаа', 'f', 88158085, '', 22, ''),
(257, 'ЙП95121818', 'Буянбадрах', 'Сампилдондов', 'm', 0, '', 22, ''),
(258, 'ЙЮ04241508', 'Ням', 'Алтанцэцэг', 'f', 80936685, '', 23, ''),
(259, 'ЙЮ04310601', 'Баасансүрэн', 'Анхмаа', 'f', 85680470, '', 23, ''),
(260, 'ЙЮ04241109', 'Алтангэрэл', 'Ариунхишиг', 'f', 86769399, '', 23, ''),
(261, 'ЙЮ04302201', 'Баатарцогт', 'Баярмагнай', 'f', 95184025, '', 23, ''),
(262, 'ЙС04232200', 'Батсуурь', 'Дэнсмаа', 'f', 90135152, '', 23, ''),
(263, 'ЙЗ97092417', 'Ганбат', 'Лхагвабат', 'm', 88127897, '', 23, ''),
(264, 'ЙС03322001', 'Яндагсүрэн', 'Мөнхзул', 'f', 99946984, '', 23, ''),
(265, 'ЙА04280504', 'Баяр-Эрдэнэ', 'Нарансолонго', 'f', 85239757, '', 23, ''),
(266, 'ЙЮ04271208', 'Гантогоо', 'Нямбаяр', 'f', 88976272, '', 23, ''),
(267, 'ЙЮ03312203', 'Пүрэвсүрэн', 'Оюунхорол', 'f', 80890205, '', 23, ''),
(268, 'ЙЙ04252001', 'Энх-Амгалан', 'Пүрэвсүрэн', 'f', 86620506, '', 23, ''),
(269, 'ЙД04290905', 'Загарханд', 'Пүрэвсүрэн', 'f', 88976272, '', 23, ''),
(270, 'ЙЮ04240100', 'Төмөргинж', 'Равжихчимэг', 'f', 89501101, '', 23, ''),
(271, 'ЙЮ04211204', 'Цэрэндулам', 'Сумъяацэрэн', 'f', 86327076, '', 23, ''),
(272, 'ГП04240103', 'Буман-Аюуш', 'Усанхүү', 'f', 89347034, '', 23, ''),
(273, 'ЙИ04210200', 'Нарантуяа', 'Цэрэнлхам', 'f', 85131120, '', 23, ''),
(274, 'ГП04292904', 'Батсайхан', 'Шүрэнчимэг', 'f', 89988501, '', 23, ''),
(275, 'ЙМ04232504', 'Чулуунсүрэн', 'Энх-Амгалан', 'f', 89203871, '', 23, ''),
(276, 'ЙС04242607', 'Түмэнбаяр', 'Энхжаргал', 'f', 80717333, '', 23, ''),
(277, 'ЙИ98062015', 'Дашдамба', 'Эрдэнэбат', 'm', 99321019, '', 23, ''),
(278, 'ЙЛ04260808', 'Ойдовбаатар', 'Эрдэнэтуяа', 'f', 80230259, '', 23, ''),
(279, 'ЙО04302843', 'Батчулуун', 'Хандмаа', 'f', 80890205, '', 23, ''),
(280, 'йю03322721', 'Батсуурь', 'Отгонзаяа', 'f', 0, '', 24, ''),
(281, 'ЙЮ05300804', 'Эрдэнэтуяа', 'Анхчимэг', 'f', 86551008, '', 24, ''),
(282, 'ЙБ04290602', 'Ариунболд', 'Буянжаргал', 'f', 0, '', 24, ''),
(283, 'ЙЙ04270506', 'Мөнхбат', 'Даваасамбуу', 'f', 0, '', 24, ''),
(284, 'ЙЮ04292901', 'Батцэрэн', 'Дэлгэржаргал', 'f', 0, '', 24, ''),
(285, 'ЙО04272306', 'Чимэдгочоо', 'Дэлгэрмаа', 'f', 0, '', 24, ''),
(286, 'ЙД04271909', 'Батмөнх', 'Молом', 'f', 0, '', 24, ''),
(287, 'ЙО04320709', 'Түвшинбаяр', 'Мягмарханд', 'f', 0, '', 24, ''),
(288, 'ЙЙ04292000', 'Нэргүй', 'Нармандах', 'f', 0, '', 24, ''),
(289, 'ЙД04310105', 'Баттөр', 'Нацаг-Юм', 'f', 0, '', 24, ''),
(290, 'ЙМ02220208', 'Цогбадрах', 'Отгонбямба', 'f', 0, '', 24, ''),
(291, 'ЙД01292301', 'Долгорсүрэн', 'Сонинцэцэг', 'f', 0, '', 24, ''),
(292, 'ЙО04240901', 'Базаррагчаа', 'Сэрчмаа', 'f', 0, '', 24, ''),
(293, 'ЙЖ04262801', 'Давхарбаяр', 'Ундрах-баяр', 'f', 0, '', 24, ''),
(294, 'ЙА04242706', 'Жанчивдорж', 'Чулуунбаатар', 'f', 0, '', 24, ''),
(295, 'ВВ04272408', 'Батхуяг', 'Энхзул', 'f', 0, '', 24, ''),
(296, 'ЙК04211709', 'Жамбалдорж', 'Янжиндулам', 'f', 0, '', 24, ''),
(297, 'ЙП02291305', 'Дашсамбуу', 'Загарцэцэг', 'f', 89930913, '', 23, ''),
(298, 'ЙМ01320901', 'Мөнхтогтох', 'Дуламсүрэн', 'f', 90674796, '', 23, ''),
(299, 'ЙЮ03212711', 'Гантөмөр', 'Отгонтулга', 'm', 96045568, '', 23, ''),
(300, 'ЙИ03230609', 'Цэрэнпил', 'Сийлэгмаа', 'f', 85259167, '', 23, ''),
(301, 'ЙЕ02220508', 'Доржпагам', 'Мөнхцэцэг', 'f', 80600205, '', 23, ''),
(302, 'ЙЮ01301703', 'Батнаран', 'Ачмаа', 'f', 95322017, '', 23, ''),
(303, 'ЙИ03292201', 'Гантөмөр', 'Оюунханд', 'f', 80840102, '', 23, ''),
(304, 'ЙЗ03261907', 'Дамдинсүрэн', 'Ариунзаяа', 'f', 86705422, '', 23, ''),
(305, 'ЙИ02310514', 'Саран-Од', 'Батзориг', 'm', 80685535, '', 23, ''),
(306, 'ЙИ02310801', 'Хүрэлбаатар', 'Болорчимэг', 'f', 88997014, '', 23, ''),
(307, 'ЙА03280509', 'Чулуунбаатар', 'Пүрэвлхам', 'f', 86320770, '', 23, ''),
(308, 'ЙА03210822', 'Цэрэндорж', 'Бундхорол', 'f', 80773540, '', 23, ''),
(309, 'ЙА01310503', 'Батдорж', 'Чулуунсувд', 'f', 85153450, '', 23, ''),
(310, 'ЙО03282308', 'Нямсүрэн', 'Цогзол', 'f', 80926249, '', 23, ''),
(311, 'ЙЮ04210400', 'Дэлгэрпүрэв', 'Мөнх-Эрдэнэ', 'f', 88333882, '', 23, ''),
(312, 'ЙС02282206', 'ЖААХАНЦОЛМОН', 'ПҮРЭВ', 'f', 88500822, '', 23, ''),
(313, 'ВВ01312524', 'Батхуяг', 'Золжаргал', 'f', 95662216, '', 23, ''),
(314, 'ЙА03222706', 'Амарсайхан', 'Пүрэвсүрэн', 'f', 94263678, '', 23, ''),
(315, 'ЙЗ03280504', 'Амаржаргал', 'Отгонсүрэн', 'f', 85158599, '', 23, ''),
(316, 'ЙВ03251200', 'Цэрэнбат', 'Отгонцэцэг', 'f', 88758695, '', 23, ''),
(317, 'ЙС03280108', 'Цэрэндондов', 'Наранцэцэг', 'f', 95327761, '', 23, ''),
(318, 'ЙС01290201', 'Цэрэндондов', 'Наранзул', 'f', 95327761, '', 23, ''),
(319, 'ВР03240401', 'Пүрэвдаваа', 'Баасансүрэн', 'f', 80813043, '', 23, ''),
(320, 'ЙИ03210809', 'Дуламсүрэн', 'Цэрэнханд', 'f', 86700247, '', 23, ''),
(321, 'йб02270501', 'Пүрэвдорж', 'Таван-Эрдэнэ', 'f', 0, '', 25, ''),
(322, 'йп03222308', 'Бадамхорол', 'Цэндсүрэн', 'f', 0, '', 25, ''),
(323, 'ЙЮ04250701', 'Лхагвадорж', 'Анхзаяа', 'f', 0, '', 25, ''),
(324, 'ЙЙ04320512', 'Цэрэнням', 'Анхбаатар', 'm', 0, '', 25, ''),
(325, 'ЙД03321510', 'Өрнөнбаяр', 'Бат-Оргил', 'm', 0, '', 25, ''),
(326, 'ЙО03271416', 'Отгон', 'Буянбадрах', 'm', 0, '', 25, ''),
(327, 'ЙЮ03231015', 'Амарсайхан', 'Буянтогтох', 'm', 0, '', 25, ''),
(328, 'ЙП02311702', 'Туулсүрэн', 'Бүрэнжаргал', 'f', 0, '', 25, ''),
(329, 'ЙИ04251214', 'Рагчаабазар', 'Даваажаргал', 'm', 0, '', 25, ''),
(330, 'ЙИ02272501', 'Наймантогоо', 'Дүүрэнжаргал', 'f', 0, '', 25, ''),
(331, 'ЙЮ04322417', 'Баасанжав', 'Лүнэрэн', 'm', 0, '', 25, ''),
(332, 'ЙО04221814', 'Батбаяр', 'Лхагвасүрэн', 'm', 0, '', 25, ''),
(333, 'ЙЮ05260402', 'Сэнгэ-Очир', 'Отгонсүрэн', 'f', 0, '', 25, ''),
(334, 'ЙМ03252201', 'Намхай', 'Оюунгэрэл', 'f', 0, '', 25, ''),
(335, 'ЙЛ04300310', 'Батжаргал', 'Одсүрэн', 'm', 0, '', 25, ''),
(336, 'ЙО02291204', 'Мөнхнасан', 'Саялхам', 'f', 0, '', 25, ''),
(337, 'ЙО04323101', 'Гансүх', 'Сумъяасүрэн', 'f', 0, '', 25, ''),
(338, 'ЙЛ04301809', 'Ганболд', 'Ундрах', 'f', 0, '', 25, ''),
(339, 'ЙМ04312016', 'Жавхлант', 'Төрболд', 'm', 0, '', 25, ''),
(340, 'ЙЮ04210816', 'Дашням', 'Тэмүүлэн', 'm', 0, '', 25, ''),
(341, 'ЙМ04271505', 'Лхамхорлоо', 'Цэрэндулам', 'f', 0, '', 25, ''),
(342, 'ЙЮ04241446', 'Өлзийхүү', 'Энхцэцэг', 'f', 0, '', 25, ''),
(343, 'АС04230114', 'Наранцэцэг', 'Эрдэнэхуяг', 'm', 0, '', 25, ''),
(344, 'ЙД02301413', 'Батбаяр', 'Дашдондов', 'm', 0, '', 25, ''),
(345, 'ЙД02310315', 'Даваасүрэн', 'Төмөрбат', 'm', 0, '', 25, ''),
(346, 'ЙЮ04222216', 'Нямсүрэн', 'Амарбаясгалан', 'm', 99798315, '', 26, ''),
(347, 'ЙЮ04293010', 'Батжаргал', 'Балжинням', 'm', 99326019, '', 26, ''),
(348, 'ЙЙ04320911', 'Ганбат', 'Барсхүлэгбаатар', 'm', 98192798, '', 26, ''),
(349, 'ЙЖ04302916', 'Даваадорж', 'Барсдогшинбаатар', 'm', 88345550, '', 26, ''),
(350, 'ЙЮ04283013', 'Нэмэхбаяр', 'Батбөх', 'm', 99495491, '', 26, ''),
(351, 'ЙР04240915', 'Өлзийбүрэн', 'Батсугар', 'm', 80328819, '', 26, ''),
(352, 'ЙИ04290916', 'Сандаг', 'Буянбадрах', 'm', 98717166, '', 26, ''),
(353, 'ЙН04252713', 'Баатар', 'Ганболд', 'm', 89879399, '', 26, ''),
(354, 'ЙВ03311011', 'Болд', 'Даваахүү', 'm', 89248089, '', 26, ''),
(355, 'ЙЮ04240915', 'Одбаяр', 'Жавхлан', 'm', 99324168, '', 26, ''),
(356, 'ЙЛ04280215', 'Чимэдрэгзэн', 'Жамъяндорж', 'm', 88856384, '', 26, ''),
(357, 'ЙИ04302212', 'Батбаяр', 'Зулсар', 'm', 99817787, '', 26, ''),
(358, 'ЙВ04302911', 'Цэдэнбаатар', 'Зундуй', 'm', 98635128, '', 26, ''),
(359, 'ЙО04312110', 'Отгонцэцэг', 'Мөнхтэмүүлэн', 'm', 86626292, '', 26, ''),
(360, 'ЙЮ04230616', 'Мөөг', 'Мөнхжин', 'm', 95650525, '', 26, ''),
(361, 'ЗК04271553', 'Урантуяа', 'Пүрэвбаатар', 'm', 95320718, '', 26, ''),
(362, 'ЙА04252817', 'Эрдэнэтогтох', 'Ренчинмядаг', 'm', 99988323, '', 26, ''),
(363, 'ЙЮ04220739', 'Шийлэгцэрэн', 'Түмэнжав', 'm', 98337661, '', 26, ''),
(364, 'ЙМ03322212', 'Нямдорж', 'Элдэв-Очир', 'm', 98456266, '', 26, ''),
(365, 'ЙЙ04233119', 'Лхагвасүрэн', 'Эрдэнэтогтох', 'm', 3423423, '', 26, ''),
(366, 'Йд02291218', 'Насанбат', 'Мөнхдорж', 'm', 86708081, '', 26, ''),
(367, 'ЙМ04311913', 'Төмөрбаатар', 'Дэмчигдорж', 'm', 99637912, '', 26, ''),
(368, 'Йю03242403', 'Уяат', 'Оюунчимэг', 'f', 88658075, '', 26, ''),
(369, 'йв03252819', 'Баянхангай', 'Мөнххишиг', 'm', 0, '', 26, ''),
(370, 'ЙЮ02323015', 'Энхтүвшин', 'Дэмчигдорж', 'm', 0, '', 27, ''),
(371, 'ЙМ04321414', 'Түмэнбаяр', 'Бодьтөгөлдөр', 'm', 88460200, '', 27, ''),
(372, 'ЙМ04261816', 'Мөнгөн', 'Бадрахсүрэн', 'm', 90696909, '', 27, ''),
(373, 'ЙЮ04310413', 'Амарсайхан', 'Буянхишиг', 'm', 90601104, '', 27, ''),
(374, 'ЙП04320417', 'Баярмагнай', 'Баяртогтох', 'm', 96581889, '', 27, ''),
(375, 'ЙЙ04272918', 'Машбат', 'Гэлэгжаргал', 'm', 86884554, '', 27, ''),
(376, 'ЙЮ03321630', 'Мягмар', 'Ёндон', 'm', 85959632, '', 27, ''),
(377, 'ЙП04260916', 'Ичинхорлоо', 'Лхагвадорж', 'm', 89303679, '', 27, ''),
(378, 'ЙБ03292512', 'Цогтбаатар', 'Маргад-Эрдэнэ', 'm', 88127734, '', 27, ''),
(379, 'ЙЮ03302634', 'Даш', 'Мөнхболд', 'm', 90341023, '', 27, ''),
(380, 'ЙЮ04290113', 'Долоонжинбат', 'Оргилболд', 'm', 96322777, '', 27, ''),
(381, 'ЙД04232914', 'Түмэнбаяр', 'Халтар', 'm', 80959899, '', 27, ''),
(382, 'ЙЮ04211911', 'Хатанбаатар', 'Хатан-Эрдэнэ', 'm', 90342042, '', 27, ''),
(383, 'ЙВ04280917', 'Мөнхбаяр', 'Цогбадрах', 'm', 91882411, '', 27, ''),
(384, 'ЙИ04242614', 'Амаржаргал', 'Энхбаатар', 'm', 85165127, '', 27, ''),
(385, 'ЙЮ04293033', 'Баттогтох', 'Бат-Эрдэнэ', 'm', 85254494, '', 27, ''),
(386, 'ЙД03232412', 'Наранбаатар', 'Баяржаргал', 'm', 88431423, '', 27, ''),
(387, 'ЙЮ03321812', 'Батцэнгэл', 'Зулхайрхан', 'm', 85555273, '', 27, ''),
(388, 'ЙИ02281517', 'Ганбат', 'Өсөхбаяр', 'm', 88845383, '', 28, ''),
(389, 'ЙЮ04222011', 'Сумъяа', 'Агийндамба', 'm', 0, '', 28, ''),
(390, 'ЙИ04241519', 'Түмэнбаяр', 'Алтангэрэл', 'm', 95726305, '', 28, ''),
(391, 'ЙЙ04260418', 'Ганболд', 'Амин-Эрдэнэ', 'm', 0, '', 28, ''),
(392, 'ЙО04301311', 'Ундрах', 'Барсхүлэгтбаатар', 'm', 0, '', 28, ''),
(393, 'ЙЮ04270615', 'Нэргүйбаатар', 'Бат-Оргил', 'm', 0, '', 28, ''),
(394, 'ЗЛ04300713', 'Баттогтох', 'Батсайхан', 'm', 0, '', 28, ''),
(395, 'ЙЮ04233017', 'Баттогоо', 'Бямбадорж', 'm', 0, '', 28, ''),
(396, 'ЙП04241715', 'Ганбаатар', 'Бямбацэрэн', 'm', 0, '', 28, ''),
(397, 'ЗЛ04212915', 'Ганбаатар', 'Ганхүү', 'm', 0, '', 28, ''),
(398, 'ЗЛ04262113', 'Эрдэнэбаяр', 'Даваадорж', 'm', 0, '', 28, ''),
(399, 'ЙС04271218', 'Зоригт', 'Давгадорж', 'm', 0, '', 28, ''),
(400, 'ЙЮ04301716', 'Долгорсүрэн', 'Дүйнхэрсүрэн', 'm', 0, '', 28, ''),
(401, 'ЙЛ04310717', 'Дэсэм', 'Жамсүрэнжав', 'm', 0, '', 28, ''),
(402, 'ЙЮ03270330', 'Энхбат', 'Мөнх-Эрдэнэ', 'm', 0, '', 28, ''),
(403, 'ЙЮ04253011', 'Бямбатогтох', 'Наранбаатар', 'm', 0, '', 28, ''),
(404, 'ЙЖ02310517', 'Бат-Отгон', 'Нэргүй', 'm', 0, '', 28, ''),
(405, 'ЙВ04302210', 'Батсүх', 'Очиртогтох', 'm', 0, '', 28, ''),
(406, 'ЙС04322712', 'Барсболд', 'Сундуймөнх', 'm', 0, '', 28, ''),
(407, 'ЗЛ04211811', 'Өнөржаргал', 'Цэнд-Аюуш', 'm', 0, '', 28, ''),
(408, 'ЙИ04231437', 'Цэрэндүгэр', 'Цэрэнням', 'm', 0, '', 28, ''),
(409, 'ЗЛ04220411', 'Болдбаатар', 'Чойнбал', 'm', 0, '', 28, ''),
(410, 'ЙЛ04271811', 'Сүнгэрэвцоодол', 'Эрдэнэбаяр', 'm', 0, '', 28, ''),
(411, 'ЙЮ03220117', 'ДЭНСМАА', 'СУМЬЯАБЭЙС', 'm', 0, '', 28, ''),
(412, 'ЗЛ04300411', 'Ургамал', 'Жаргалсайхан', 'm', 86664146, '', 28, ''),
(413, 'ЙЛ04261812', 'Хүрэлбаатар', 'Азжаргал', 'm', 0, '', 29, ''),
(414, 'ЙМ04291613', 'Гончигбат', 'Баатарсүрэн', 'm', 0, '', 29, ''),
(415, 'ЙЕ04231812', 'Доржпалам', 'Баяржаргал', 'm', 0, '', 29, ''),
(416, 'ЙЮ03302611', 'Отгонбаяр', 'Баярмагнай', 'm', 0, '', 29, ''),
(417, 'ЙО04282816', 'Баярхүү', 'Бямбадорж', 'm', 0, '', 29, ''),
(418, 'ЙЛ04261510', 'Энхтөр', 'Билгүүн', 'm', 0, '', 29, ''),
(419, 'ЙС04222813', 'Дамбийням', 'Батсайхан', 'm', 0, '', 29, ''),
(420, 'ЙД03232811', 'Үйтүмэн', 'Буяндүүрэн', 'm', 0, '', 29, ''),
(421, 'ЙИ03301812', 'Намхайцэрэн', 'Гэлэгпил', 'm', 0, '', 29, ''),
(422, 'ЙЮ04251015', 'Чимэддолгор', 'Давааням', 'm', 0, '', 29, ''),
(423, 'ЙВ03310811', 'Отгонбаяр', 'Жамсранбаатар', 'm', 0, '', 29, ''),
(424, 'ЙА04242811', 'Цэрэнхорлоо', 'Загарзүсэм', 'm', 0, '', 29, ''),
(425, 'ЙП03320314', 'Мөнхбаяр', 'Зулсар', 'm', 0, '', 29, ''),
(426, 'ЙЙ04281712', 'САНДАГЦОГОО', 'МЯГМАРСҮРЭН', 'm', 0, '', 29, ''),
(427, 'ЙЮ05321619', 'Гүррагчаа', 'Мөнхдорж', 'm', 0, '', 29, ''),
(428, 'ЙЗ03320439', 'Сайнжаргал', 'Оюунболд', 'm', 0, '', 29, ''),
(429, 'ЙС03221011', 'Цэвэлдорж', 'Өсөхбаяр', 'm', 0, '', 29, ''),
(430, 'ЙЮ01270511', 'Батсуурь', 'Пүрэвбат', 'm', 0, '', 29, ''),
(431, 'ЙЮ04272936', 'ЭНХСАЙХАН', 'ПҮРЭВОЧИР', 'm', 0, '', 29, ''),
(432, 'ЙВ04281311', 'Гансүх', 'Рэнцэндаваа', 'm', 0, '', 29, ''),
(433, 'ЙН04232719', 'Пүрэв', 'Самдан', 'm', 0, '', 29, ''),
(434, 'ЙЮ04283110', 'Очирсуурь', 'Цэрэнтогтох', 'm', 0, '', 29, ''),
(435, 'ЙО04242310', 'Давгадорж', 'Чинзориг', 'm', 0, '', 29, ''),
(436, 'ЙК04212111', 'БЯМБАДОРЖ', 'ЭРДЭНЭБУЛГАН', 'm', 0, '', 29, ''),
(437, 'ЙВ04311112', 'Пүрэв', 'Эрхэмбаяр', 'm', 0, '', 29, ''),
(438, 'ЙН06280914', 'Тогмид', 'Баянмөнх', 'm', 96200608, '', 5, ''),
(439, 'ЙД05273011', 'Энхбаяр', 'Сандагдорж', 'm', 90334107, '', 5, ''),
(440, 'ЙВ06271218', 'Наранцацрал', 'Тамжид', 'm', 95763721, '', 5, ''),
(441, 'ЙЮ06280419', 'Батсуурь', 'Батсүрэн', 'm', 88940413, '', 5, ''),
(442, 'ЙВ06231231', 'Алтансүх', 'Санж-Очир', 'm', 98590623, '', 5, ''),
(443, 'ЙЮ06282039', 'Энхбаатар', 'Цэрэннадмид', 'm', 86270820, '', 5, ''),
(444, 'ЙК06270215', 'Насанбат', 'Чингис', 'm', 99796912, '', 5, ''),
(445, 'ЙК06221616', 'Бямба', 'Норов-Эрдэнэ', 'm', 88900857, '', 5, ''),
(446, 'ЙВ06232411', 'Намсрай', 'Батнасан', 'm', 0, '', 5, ''),
(447, 'ЙС06321219', 'Хэнмэдхэв', 'Бат-Эрдэнэ', 'm', 80130775, '', 5, ''),
(448, 'ЙС06280315', 'Цэвэлдорж', 'Пүрэвбат', 'm', 0, '', 5, ''),
(449, 'ЙЮ06321614', 'Пүрэвдорж', 'Булганбаяр', 'm', 0, '', 5, ''),
(450, 'ЙР05292417', 'Өлзийсайхан', 'Доржсамбуу', 'm', 0, '', 5, ''),
(451, 'ЙН06260219', 'Азжаргал', 'Лхамдаш', 'm', 89281776, '', 5, ''),
(452, 'ЙГ06271912', 'Жамсран', 'Ганцоож', 'm', 88688287, '', 5, ''),
(453, 'ЙО06241410', 'Батсүрэн', 'Бат-Эрдэнэ', 'm', 0, '', 5, ''),
(454, 'ЙД06230511', 'Бат-Эрдэнэ', 'Эрдэнэбаяр', 'm', 88562408, '', 5, ''),
(455, 'ЙЮ06262917', 'Чулуунпагам', 'Лхам-Өлзий', 'm', 88326383, '', 5, ''),
(456, 'ЙЛ05321912', 'Ойдовбаатар', 'Лувсандорж', 'm', 86292005, '', 5, ''),
(457, 'ВВ06212519', 'Дамдиндорлиг', 'Баасандорж', 'm', 95235138, '', 5, ''),
(458, 'ЗП06291511', 'Батсуурь', 'Дашдэмбэрэл', 'm', 0, '', 5, ''),
(459, 'ЙЙ05230411', 'Одгэрэл', 'Сундуйжамц', 'm', 95612889, '', 5, ''),
(460, 'ЙА05310211', 'Мөнх-Ундрах', 'Барсболд', 'm', 0, '', 5, ''),
(461, 'ВВ06301714', 'Чинбат', 'Батсайхан', 'm', 0, '', 5, ''),
(462, 'ЙЮ06230156', 'Гантогоо', 'Ихбаяр', 'm', 91770316, '', 5, ''),
(463, 'ЙЮ04210514', 'Энхтайван', 'Золбаяр', 'm', 88442882, '', 5, ''),
(464, 'ЙИ06241511', 'Бат', 'Бямбажав', 'm', 0, '', 5, ''),
(465, 'ЙЙ06260516', 'Дуламдорж', 'Жамсранням', 'm', 0, '', 5, ''),
(466, 'ЙЙ06292212', 'Мөнх-Эрдэнэ', 'Пүрэвжав', 'm', 0, '', 5, ''),
(467, 'ЙВ06211431', 'Долоодой', 'Хүрэлсүх', 'm', 0, '', 5, ''),
(468, 'ЙВ06281819', 'Цогтбаяр', 'Азжаргал', 'm', 96850047, '', 3, ''),
(469, 'ЙЮ06303012', 'Хишигжаргал', 'Баттулга', 'm', 96878769, '', 3, ''),
(470, 'ЙГ06260307', 'Болд', 'Гантуяа', 'f', 89145793, '', 3, ''),
(471, 'ЙЮ06262615', 'Баярмаа', 'Даваажаргал', 'm', 80068780, '', 3, ''),
(472, 'ЙО06300711', 'Лхагвадулам', 'Доржсамбуу', 'm', 85746717, '', 3, ''),
(473, 'ЙО06322706', 'Анхбаяр', 'Дүүрэнжаргал', 'f', 95371993, '', 3, ''),
(474, 'ЙЮ06282107', 'Цэрэнпунцаг', 'Нарангуа', 'f', 91780821, '', 3, ''),
(475, 'ЙД02250700', 'Батбаатар', 'Номинэрдэнэ', 'f', 89343733, '', 3, ''),
(476, 'ЙЮ02241906', 'Одсүрэн', 'Мягмарсүрэн', 'f', 80520256, '', 3, ''),
(477, 'ЙЮ06251204', 'Батчулуун', 'Одонтунгалаг', 'f', 95401281, '', 3, ''),
(478, 'ЙИ04222204', 'Чимэгбаатар', 'Сарангуа', 'f', 95113806, '', 3, ''),
(479, 'ЙЮ06271711', 'Хүрэлбаатар', 'Цолмон', 'm', 99505661, '', 3, ''),
(480, 'ЙЖ06291924', 'Мөнхжаргал', 'Цээрэннадмид', 'f', 0, '', 3, ''),
(481, 'ЙВ02302106', 'Үүрцайх', 'Эрдэнэцэцэг', 'f', 80302872, '', 3, ''),
(482, 'ЙБ05301305', 'Алтанцэцэг', 'Цэцэгжаргал', 'f', 85536651, '', 3, ''),
(483, 'йз06210419', 'Анхбаяр', 'Алтангадас', 'm', 851428525, '', 3, ''),
(484, 'йю06252744', 'Дэлгэрмаа', 'Уранцэцэг', 'f', 91300527, '', 3, ''),
(485, 'ЙЮ06302618', 'Энхтайван', 'Баасандорж', 'm', 88255997, '', 4, ''),
(486, 'ЙА06272812', 'БАДАМХОРОЛ', 'ЦЭДЭНСОДНОМ', 'm', 89958028, '', 4, ''),
(487, 'УП06302878', 'Баатар', 'Отгонтөгс', 'm', 80633039, '', 4, ''),
(488, 'ЙН06302919', 'Мөнхбат', 'Давгадорж', 'm', 94264413, '', 4, ''),
(489, 'ЙА05301611', 'Насантогтох', 'Лхагвадорж', 'm', 90232229, '', 4, ''),
(490, 'ЙЮ04250439', 'Алтантуяа', 'Билгүүн', 'm', 0, '', 4, ''),
(491, 'ЙА06211411', 'Чимэг', 'Эрдэнэхүү', 'm', 89242608, '', 4, ''),
(492, 'ЙЮ06300611', 'Батсуурь', 'Ойдовтангад', 'm', 95321520, '', 4, ''),
(493, 'ЙИ06222610', 'Баянжаргал', 'Батгэрэл', 'm', 0, '', 4, ''),
(494, 'ВЛ06232814', 'Минжбадгар', 'Мөнх-Очир', 'm', 89746263, '', 4, ''),
(495, 'ЙЛ06241411', 'Отгонжаргал', 'Баасанжаргал', 'm', 96359192, '', 4, ''),
(496, 'ЙД01321902', 'Сүрэн', 'Мянганмэчог', 'f', 90983090, '', 4, ''),
(497, 'ЙН06212812', 'Нанжир', 'Эрхэмбаяр', 'm', 0, '', 4, ''),
(498, 'ЙЮ78010430', 'Чулуун', 'Мөнхбат', 'm', 88992350, '', 1, ''),
(499, 'ЙД04242016', 'Цэрэн', 'Буянболд', 'm', 80217241, '', 1, ''),
(500, 'ЙТ06320710', 'Батнасан', 'Цамба', 'm', 86323336, '', 1, ''),
(501, 'ЙЮ06301136', 'Болдбаатар', 'Батбаатар', 'm', 99446049, '', 1, ''),
(502, 'ЙЮ06260716', 'Сүү-Адъяа', 'Будбилэг', 'm', 96204099, '', 1, ''),
(503, 'ЙМ06320417', 'Отгонбаяр', 'Балжинням', 'm', 96828182, '', 1, ''),
(504, 'ЙЮ06302413', 'Цэрэнваанчиг', 'Бэгзсүрэн', 'm', 95161177, '', 1, ''),
(505, 'ЙЮ06242211', 'Бавуудорж', 'Мөнгөншагай', 'm', 89205057, '', 1, ''),
(506, 'ЙД06230406', 'Соль', 'Оюумаа', 'f', 99485410, '', 1, ''),
(507, 'ЙП06212811', 'Сангидорж', 'Батмэнд', 'm', 88768379, '', 1, ''),
(508, 'ЙЙ06242313', 'Бэхтогтох', 'Нямдаваа', 'm', 88706832, '', 1, ''),
(509, 'ЙЖ04310615', 'Мөнхтулга', 'Сүхбаатар', 'm', 99741832, '', 1, ''),
(510, 'ЗЛ05302618', 'Наранбаатар', 'Жавхлан', 'm', 95929928, '', 1, ''),
(511, 'ЙО06242214', 'Жамбалсүрэн', 'Мөнх-Оргил', 'm', 85760839, '', 1, ''),
(512, 'ЙО05281317', 'Мөнгөн', 'Чойжамц', 'm', 99602408, '', 1, ''),
(513, 'ЙП06232512', 'Мөнхдулам', 'Чүнсрэй', 'm', 98707508, '', 1, ''),
(514, 'ЙЮ04323113', 'Пүрэвсүрэн', 'Шинэбаяр', 'm', 96414127, '', 1, ''),
(515, 'ЙТ06311517', 'Мөнгөндолгио', 'Бар-Ирвэсбаатар', 'm', 98180212, '', 1, ''),
(516, 'ЙЛ06262714', 'Мягмарсүрэн', 'Батмөнх', 'm', 89935716, '', 1, ''),
(517, 'ЙЮ06281719', 'Отгонбаяр', 'Оргилболд', 'm', 88873961, '', 1, ''),
(518, 'ЙП06251111', 'Хэнмэдхэв', 'Анхбаяр', 'm', 80217241, '', 1, ''),
(519, 'ЙЮ06251318', 'Данзанчоймбол', 'Буяндорж', 'm', 96344885, '', 1, ''),
(520, 'ЙО03301111', 'Янжинпүрэв', 'Нямбаатар', 'm', 94977551, '', 1, ''),
(521, 'ЙД06282512', 'Алтангэрэл', 'Анхбаяр', 'm', 89565855, '', 1, ''),
(522, 'ЙИ04261137', 'Цолмон', 'Батзориг', 'm', 90246444, '', 1, ''),
(523, 'ЙЮ05272805', 'Бат-Эрдэнэ', 'Хандсүрэн', 'f', 90264466, '', 1, ''),
(524, 'ЙЙ06222319', 'Содномцэрэн', 'Бэгзэсосорнод', 'm', 86184845, '', 1, ''),
(525, 'ЙЖ06302518', 'Төмөр-Очир', 'Золбоот', 'm', 80777215, '', 1, ''),
(526, 'ЙО06220401', 'Ганболд', 'Алтансарнай', 'f', 86980204, '', 10, ''),
(527, 'ЙР06302111', 'Намхайнямбуу', 'Амартүвшин', 'm', 88541334, '', 10, ''),
(528, 'ЙЮ05262210', 'Төмөрчөдөр', 'Анхбаяр', 'm', 95890621, '', 10, ''),
(529, 'ЙД06240901', 'Бандихүү', 'Ариунхишиг', 'f', 90730409, '', 10, ''),
(530, 'ЗЛ06272812', 'Ганбаатар', 'Арвинхүү', 'm', 89992360, '', 10, ''),
(531, 'ГВ06252201', 'Ууганбаяр', 'Баярцэцэг', 'f', 99230994, '', 10, ''),
(532, 'ЙО06231105', 'Соронзонболд', 'Бямбадолгор', 'f', 88427071, '', 10, ''),
(533, 'ЙЮ04273107', 'Түмэн-од', 'Бямбацэрэн', 'f', 88260031, '', 10, ''),
(534, 'ЙО06311700', 'Сайнбилэг', 'Дулмаа', 'f', 98312949, '', 10, ''),
(535, 'ЙМ05281816', 'Өлзийбаяр', 'Доржзовд', 'm', 86826102, '', 10, ''),
(536, 'ЙО06312806', 'Баярхүү', 'Мягмарсүрэн', 'f', 99327890, '', 10, ''),
(537, 'ЙИ06280105', 'Төгсжаргал', 'Мягмарсүрэн', 'f', 80883260, '', 10, ''),
(538, 'ЙН06212202', 'Дүгэржмаа', 'Нямсүрэн', 'f', 80822287, '', 10, ''),
(539, 'ЙВ06271007', 'Ганбат', 'Намуунзаяа', 'f', 96220353, '', 10, ''),
(540, 'ЙЮ06220851', 'Хүрэлхүү', 'Нэргүй', 'm', 90550307, '', 10, ''),
(541, 'ЙЮ06222029', 'Батчимэг', 'Отгонзаяа', 'f', 91609888, '', 10, ''),
(542, 'КД05292311', 'Баттөмөр', 'Тамжид', 'm', 99464923, '', 10, ''),
(543, 'ЙЮ06302407', 'Дарьсүрэн', 'Үржинханд', 'f', 80687582, '', 10, ''),
(544, 'ЙЮ06231410', 'Зоригтбаатар', 'Эрдэнэцогт', 'm', 91810314, '', 10, ''),
(545, 'ЙИ05271607', 'Дорж', 'Энх-Амгалан', 'f', 96074777, '', 10, ''),
(546, 'ЙД03273010', 'Хатанбаатар', 'Энхбат', 'm', 89738959, '', 10, ''),
(547, 'ЙО06211419', 'Цэрэнбаатар', 'Пүрэвдорж', 'm', 95867590, '', 10, ''),
(548, 'ЙВ06290516', 'Бямбадолгор', 'Жавхлантамир', 'm', 95670269, '', 10, ''),
(549, 'ЙЮ02300512', 'Оюун', 'Дашзэвэг', 'm', 0, '', 10, ''),
(550, 'ЙИ06270809', 'Амарсайхан', 'Отгонсүрэн', 'f', 80614060, '', 10, ''),
(551, 'ЗЛ06271506', 'Улаанхүү', 'Хишигцогзол', 'f', 80193938, '', 10, ''),
(552, 'ЙО06281819', 'Даваацэрэн', 'Чулуунтогтох', 'm', 85743959, '', 10, ''),
(553, 'ЙИ06212305', 'Галбадрах', 'Баярмаа', 'f', 0, '', 9, ''),
(554, 'ЙО06243001', 'Эрдэнэбаяр', 'нямсүрэн', 'f', 0, '', 9, ''),
(555, 'ЙЮ06250702', 'Хүрэлбаатар', 'Эрдэнэчимэг', 'f', 0, '', 9, ''),
(556, 'ЙИ06270205', 'Батбаяр', 'Цэрэнханд', 'f', 0, '', 9, ''),
(557, 'ЙИ06310501', 'Юндэнбат', 'Хонгорзул', 'f', 0, '', 9, ''),
(558, 'ЙА06302704', 'Дуламсүрэн', 'Пагамдулам', 'f', 0, '', 9, ''),
(559, 'ЙМ05251001', 'Өлзиймандах', 'Өлзийхишиг', 'f', 0, '', 9, ''),
(560, 'ЙА06250104', 'Батсүх', 'Оюунбат', 'f', 0, '', 9, ''),
(561, 'ЙЮ06241908', 'Наранцэцэг', 'Уранцэцэг', 'f', 0, '', 9, ''),
(562, 'ЙИ06291607', 'Бат-Эрдэнэ', 'Бямбасүрэн', 'f', 0, '', 9, ''),
(563, 'ЙД05241007', 'Болд', 'Нямсүрэн', 'f', 0, '', 9, ''),
(564, 'ЙД06312102', 'Батбаатар', 'Мягмарнаран', 'f', 0, '', 9, ''),
(565, 'ЙИ06210902', 'Энхбаяр', 'Дүүриймаа', 'f', 0, '', 9, ''),
(566, 'ЙД05321807', 'Чинбат', 'Дуламсүрэн', 'f', 0, '', 9, ''),
(567, 'ЙД03302702', 'Энхжаргал', 'ДАВАА', 'f', 0, '', 9, ''),
(568, 'ЙЮ 0528170', 'Бадамжав', 'Гэрэлт', 'f', 0, '', 9, ''),
(569, 'ЙД06322521', 'Баярмөнх', 'Одмандах', 'f', 0, '', 9, ''),
(570, 'ЙЮ06251409', 'Түмэннасан', 'Алтансувд', 'f', 0, '', 9, ''),
(571, 'ЙП06241106', 'Тогоотогтох', 'Бүжинлхам', 'f', 89155449, '', 9, ''),
(572, 'ЙЮ01252815', 'Батчимэг', 'Төрболд', 'm', 95221172, '', 8, ''),
(573, 'ЙО05311306', 'Ширнэншийрэв', 'Алтантуяа', 'f', 99494078, '', 8, ''),
(574, 'ЙО06251509', 'Шинэбаяр', 'Алтанцэцэг', 'f', 94824891, '', 8, ''),
(575, 'ЙО06302701', 'Баярмагнай', 'Амин-Эрдэнэ', 'f', 99630137, '', 8, ''),
(576, 'ЙО05272905', 'Пүрэвбаатар', 'Ариунаа', 'f', 85899787, '', 8, ''),
(577, 'ЙО06240720', 'Гантөмөр', 'Баасансүрэн', 'f', 89228785, '', 8, ''),
(578, 'ЙЮ06261321', 'Хатанбаатар', 'Батцэцэг', 'f', 89910012, '', 8, ''),
(579, 'ЙО06262624', 'Ренчин', 'Даваадолгор', 'f', 99401943, '', 8, ''),
(580, 'ЙО06280707', 'Дорждаваа', 'Даваадолгор', 'f', 85866532, '', 8, ''),
(581, 'ЙО06221422', 'Самжаан', 'Лхагважав', 'f', 88642514, '', 8, ''),
(582, 'ЙС05270608', 'Гантуяа', 'Лхамхорол', 'f', 88642514, '', 8, ''),
(583, 'ЙН06271621', 'Эрдэнэбат', 'Намжилмаа', 'f', 88923752, '', 8, ''),
(584, 'ЙИ06311801', 'Нямдорж', 'Насанжаргал', 'f', 95968801, '', 8, ''),
(585, 'ЙМ06300708', 'Зоригт', 'Нэргүй', 'f', 99730338, '', 8, ''),
(586, 'ЙЮ06321010', 'Цэрэнхүү', 'Нямбаатар', 'm', 96230100, '', 8, ''),
(587, 'ЙО06263006', 'Дагва-Ёндон', 'Отгончимэг', 'f', 0, '', 8, ''),
(588, 'МР06280904', 'Өлзийбадрах', 'Сайнзаяа', 'f', 95850836, '', 8, ''),
(589, 'ЙЮ06222601', 'Гансүх', 'Сарантуяа', 'f', 99847752, '', 8, ''),
(590, 'ЙО05242008', 'Дэмбэрэл', 'Сосорбурам', 'f', 86179265, '', 8, ''),
(591, 'ЙЮ06261013', 'Өлзийбаатар', 'Төгөлдөр', 'm', 88234674, '', 8, ''),
(592, 'ЙЗ06290907', 'Нарангарав', 'Цэрэнлхам', 'f', 86866239, '', 8, ''),
(593, 'ЙД06322509', 'Дулам-Очир', 'Хоролсүрэн', 'f', 88853133, '', 8, ''),
(594, 'ЙД06281206', 'Өлзийбаяр', 'Чулууншүр', 'f', 88900678, '', 8, ''),
(595, 'ЙИ01322409', 'Маамаа', 'Энхтунгалаг', 'f', 99322913, '', 8, ''),
(596, 'ЙЮ06310408', 'Өнөрзул', 'Энхлэн', 'f', 80805656, '', 8, ''),
(597, 'ЙА06230703', 'Батсуурь', 'Мягмарцэцэг', 'f', 88964792, '', 8, ''),
(598, 'ЗЛ06221801', 'Оюунгэрэл', 'Ууганцэцэг', 'f', 88697731, '', 8, ''),
(599, 'ЙО07220254', 'Гансүх', 'Цэдмид', 'm', 85833606, '', 8, ''),
(600, 'ЙЮ06293034', 'Баттөмөр', 'Тэмүүжин', 'm', 80325560, '', 8, ''),
(601, 'йд06280123', 'Шинэдорж', 'Насанжаргал', 'f', 95437695, '', 6, ''),
(602, 'йд04261918', 'Бат-Эрдэнэ', 'Заяабаатар', 'm', 0, '', 6, ''),
(603, 'йм05262011', 'Амьбөх', 'Барсхүлэгтбаатар', 'm', 95807916, '', 6, ''),
(604, 'йю06260910', 'Ринчиндорж', 'Мөнхбаяр', 'm', 88462771, '', 6, ''),
(605, 'йо06213113', 'Ганбаатар', 'Балжинням', 'm', 89421789, '', 6, ''),
(606, 'йд06252618', 'Ойдовгүнчин', 'Саяннямбуу', 'm', 99585906, '', 6, ''),
(607, 'ЗЛ06252613', 'Алтантогос', 'Цолмонбаатар', 'm', 85259429, '', 6, ''),
(608, 'йм04242811', 'Алтан-Очир', 'Зэв', 'm', 99539013, '', 6, ''),
(609, 'йс05262419', 'Анхбаяр', 'Өлзийсугар', 'm', 80247956, '', 6, ''),
(610, 'йю05233035', 'Чагнаадорж', 'Өлзийсайхан', 'm', 89862005, '', 6, ''),
(611, 'йи06270912', 'Цэлмэг', 'Рэнцэндорж', 'm', 80911110, '', 6, ''),
(612, 'йю06251632', 'Мөнх-Очир', 'Бат-Эрдэнэ', 'm', 99957028, '', 6, ''),
(613, 'йм06222719', 'БОЛДБААТАР', 'БАРСХҮЛЭГБААТАР', 'm', 91400203, '', 6, ''),
(614, 'ЙЮ07232112', 'Буянтогтох', 'Банзрагч', 'm', 89940092, '', 6, ''),
(615, 'ЙЙ06230212', 'Мөнхпүрэв', 'Пүрэв', 'm', 89911006, '', 6, ''),
(616, 'ЙЮ06251611', 'Мөнх-Очир', 'Баяр-Эрдэнэ', 'm', 99957028, '', 6, ''),
(617, 'ЙК06310110', 'Цэрэнсодном', 'Лувсандавга', 'm', 86680456, '', 6, ''),
(618, 'ЙЕ06321911', 'Буяннэмэх', 'Баярмагнай', 'm', 86680456, '', 6, ''),
(619, 'ЙЮ06261156', 'Пүрэвдорж', 'Санжаадамба', 'm', 88598681, '', 6, ''),
(620, 'ЙМ06221818', 'АЛТАНОЧИР', 'АЛТАНБАГАНА', 'm', 99472867, '', 6, ''),
(621, 'ЙР06212619', 'Нямжаргал', 'Гантулга', 'm', 89317299, '', 6, ''),
(622, 'ЙЮ06230919', 'Лхагвасүрэн', 'Элбэгсайхан', 'm', 80920502, '', 6, ''),
(623, 'ГП06251612', 'Лхагвасүрэн', 'Жанлавцогзол', 'm', 89433472, '', 6, ''),
(624, 'ЙИ06260915', 'Нэргүй', 'Цэнд-Очир', 'm', 88396423, '', 6, ''),
(625, 'ЙП06262431', 'Данаажав', 'Ширнэн', 'm', 88640402, '', 6, ''),
(626, 'ЗЛ06251119', 'Мөнхбаатар', 'Батсүх', 'm', 85122647, '', 6, ''),
(627, 'ЙС06222717', 'Болор-Эрдэнэ', 'Энхтайван', 'm', 91270616, '', 6, ''),
(628, 'ЙВ06280314', 'Бат-Эрдэнэ', 'Мөнхдэлгэр', 'm', 94341079, '', 6, ''),
(629, 'ЙС05301014', 'Болдбаатар', 'Тэмүүлэн', 'm', 90260001, '', 6, ''),
(630, 'ЙЮ05322315', 'Рагчаабазар', 'Баянжаргал', 'm', 80228232, '', 6, ''),
(631, 'ЙН06282317', 'Мөнхтуяа', 'Ганчулуун', 'm', 89317299, '', 6, ''),
(632, 'ЙЮ06221533', 'Баярцогт', 'Лүндаажанцан', 'm', 96338222, '', 6, ''),
(633, 'ЙМ06302419', 'Түвшинжаргал', 'Азжаргал', 'm', 99876983, '', 7, ''),
(634, 'ЙО06322119', 'Баярмаа', 'Алтанцоож', 'm', 94825940, '', 7, ''),
(635, 'ЙЮ06320713', 'Гантулга', 'Ариунбаатар', 'm', 90331677, '', 7, ''),
(636, 'ЙО06312014', 'Батцэрэн', 'Баатарсүрэн', 'm', 86606255, '', 7, ''),
(637, 'ЙЮ06232915', 'Батбаяр', 'Барсхүлэгтбаатар', 'm', 85443321, '', 7, ''),
(638, 'ВЗ06252613', 'Батжаргал', 'Батгэрэл', 'm', 99610158, '', 7, ''),
(639, 'ЙИ06241617', 'Мөнхбат', 'Бат-Оргил', 'm', 80835420, '', 7, ''),
(640, 'ЙН06250319', 'Пүрэвсүрэн', 'Баттөр', 'm', 89642999, '', 7, ''),
(641, 'ЙМ06320212', 'Болдбаатар', 'Бумбацэнд', 'm', 99328639, '', 7, ''),
(642, 'ЙР06311919', 'Төмөрчөдөр', 'Билэгт-Очир', 'm', 99860097, '', 7, ''),
(643, 'ЙД06271819', 'Батсайхан', 'Бямбадорж', 'm', 89870021, '', 7, ''),
(644, 'ЙК06270819', 'Сумъяа', 'Ганбат', 'm', 88962465, '', 7, ''),
(645, 'ЙЮ06301438', 'Шийлэгмаа', 'Ган-Очир', 'm', 99328129, '', 7, ''),
(646, 'ЙИ06290410', 'Охинтогтох', 'Ганчөдөр', 'm', 96755222, '', 7, ''),
(647, 'ЙЮ06222217', 'Баяржаргал', 'Гүндсамбуу', 'm', 88053073, '', 7, ''),
(648, 'ЙЖ06211812', 'Оюун', 'Дорждавга', 'm', 88937912, '', 7, ''),
(649, 'ЙЙ06250519', 'Энхжаргал', 'Занданбат', 'm', 88953700, '', 7, ''),
(650, 'ЙЙ05321710', 'Батсүх', 'Мөнхбилгүүн', 'm', 80741217, '', 7, ''),
(651, 'ЙО06242516', 'Цэрэндолгор', 'Мягмардорж', 'm', 90408777, '', 7, ''),
(652, 'ЙК06301413', 'Цэрэннадмид', 'Насантогтох', 'm', 80152162, '', 7, ''),
(653, 'ЙД05260516', 'Нэргүйцэцэг', 'Нямдаваа', 'm', 99328639, '', 7, ''),
(654, 'ЙЖ06241415', 'Төмөр-Очир', 'Нямдаваа', 'm', 99715803, '', 7, ''),
(655, 'ЙВ06222414', 'Зоригт', 'Одгэрэл', 'm', 91339369, '', 7, ''),
(656, 'ЙТ06312711', 'Энхцэцэг', 'Оргилбат', 'm', 80660302, '', 7, ''),
(657, 'ЙЮ06301113', 'Даваапунцаг', 'Отгонбаяр', 'm', 95382024, '', 7, ''),
(658, 'ЙО06290710', 'Ариунболд', 'Өсөх-Ирээдүй', 'm', 89625020, '', 7, ''),
(659, 'ЙЮ06251159', 'Даваасүрэн', 'Пүрэвдорж', 'm', 85311086, '', 7, ''),
(660, 'ЙА06212411', 'Нарангэрэл', 'Санжидмолом', 'm', 90987247, '', 7, ''),
(661, 'ЙО06252912', 'Энхтогтох', 'Цог-Эрдэнэ', 'm', 89984223, '', 7, ''),
(662, 'ЙР06250719', 'Амарсайхан', 'Энхсайхан', 'm', 90273959, '', 7, ''),
(663, 'ЙИ06290518', 'Хишигдэмбэрэл', 'Мягмарнаран', 'm', 89691311, '', 7, ''),
(664, 'ЙЙ06243011', 'Бат-Очир', 'Билгүүн', 'm', 88515670, '', 7, ''),
(665, 'ЙВ06300500', 'Бүүвэйбаатар', 'Алтанцэцэг', 'f', 95968457, '', 11, ''),
(666, 'ЙО06212018', 'Батчулуун', 'Баасанжаргал', 'm', 80488894, '', 11, ''),
(667, 'ЙД06281816', 'Шажинбат', 'Бат-Эрдэнэ', 'm', 80422284, '', 11, ''),
(668, 'МФ06312605', 'Батбаяр', 'Баярцэцэг', 'f', 80421126, '', 11, ''),
(669, 'ЙД06302709', 'Шинэбаяр', 'Болороо', 'f', 95659939, '', 11, ''),
(670, 'ЙП06271228', 'Пүрэвжаргал', 'Бүжинлхам', 'f', 89135902, '', 11, ''),
(671, 'ЙЮ04242347', 'Болдбаатар', 'Бүжинлхам', 'f', 80558958, '', 11, ''),
(672, 'ЙЖ06262606', 'Эрдэнэчимэг', 'Дулмаа', 'f', 80602606, '', 11, ''),
(673, 'ЙЮ04292126', 'Лүндээжанцан', 'Дэлгэрмөрөн', 'f', 88767708, '', 11, ''),
(674, 'ЙП06253101', 'Жамъяндагва', 'Лхагвасүрэн', 'f', 0, '', 11, ''),
(675, 'ЙЮ06222405', 'Мөнхзул', 'Номин-Эрдэнэ', 'f', 0, '', 11, ''),
(676, 'ВЮ05291407', 'Тарвачамба', 'Номин-Эрдэнэ', 'f', 0, '', 11, ''),
(677, 'ЙО06310400', 'Маналсүрэн', 'Нянсандолгор', 'f', 89585467, '', 11, ''),
(678, 'ЙИ06322511', 'Болд', 'Одбаяр', 'm', 89140110, '', 11, ''),
(679, 'ЙИ06293016', 'Энхбат', 'Хатанбаатар', 'm', 88470104, '', 11, ''),
(680, 'ЙВ06252604', 'Энхбаатар', 'Солонго', 'f', 91717846, '', 11, ''),
(681, 'ЙГ05282701', 'Даваажав', 'Цолмон', 'f', 99630726, '', 11, ''),
(682, 'ЙА06232203', 'Доржхорлоо', 'Энхмэнд', 'f', 89235298, '', 11, ''),
(683, 'ГП06320466', 'Чимэдроолон', 'Саранчимэг', 'f', 80444106, '', 11, ''),
(684, 'ЙД06222411', 'Алтангэрэл', 'Өсөх-Ирээдүй', 'm', 85789735, '', 11, ''),
(685, 'ЙВ06322307', 'Цэдэндорж', 'Батчимэг', 'f', 80843833, '', 11, ''),
(686, 'ЙЮ06252903', 'Бадрангуй', 'Болормаа', 'f', 96552818, '', 11, ''),
(687, 'ЙЮ06300212', 'Батбаяр', 'Энх-Амар', 'm', 95786526, '', 11, '');

-- --------------------------------------------------------

--
-- Table structure for table `teacher`
--

DROP TABLE IF EXISTS `teacher`;
CREATE TABLE IF NOT EXISTS `teacher` (
  `id` int NOT NULL AUTO_INCREMENT,
  `fname` varchar(50) CHARACTER SET utf8 COLLATE utf8_unicode_ci NOT NULL,
  `lname` varchar(50) CHARACTER SET utf8 COLLATE utf8_unicode_ci NOT NULL,
  `phone` varchar(50) CHARACTER SET utf8 COLLATE utf8_unicode_ci NOT NULL,
  `email` varchar(50) CHARACTER SET utf8 COLLATE utf8_unicode_ci NOT NULL,
  `at` varchar(50) CHARACTER SET utf8 COLLATE utf8_unicode_ci NOT NULL,
  `pass` varchar(50) CHARACTER SET utf8 COLLATE utf8_unicode_ci NOT NULL,
  `user_role` int NOT NULL,
  `tuluv` int NOT NULL,
  PRIMARY KEY (`id`)
) ENGINE=InnoDB AUTO_INCREMENT=5 DEFAULT CHARSET=utf8mb3 COLLATE=utf8_unicode_ci;

--
-- Dumping data for table `teacher`
--

INSERT INTO `teacher` (`id`, `fname`, `lname`, `phone`, `email`, `at`, `pass`, `user_role`, `tuluv`) VALUES
(1, 'Жавхлан', 'Бат-Ирээдүй', '88992842', '', 'Багш, мэдээллийн технологийн', '123', 1, 1),
(2, 'Бадам', 'Оюумаа', '99909814', '', 'Арга зүйч', '123', 3, 1),
(3, 'Оросоо', 'Гиваапил', '99061006', 'batireedui@uvcollege.edu.mn', 'Багш', '123', 1, 1),
(4, 'Сүхбаатах', 'Баасансүрэн', '99692004', 'batireedui@uvcollege.edu.mn', 'Багш', '123', 1, 1);

-- --------------------------------------------------------

--
-- Table structure for table `tlesson`
--

DROP TABLE IF EXISTS `tlesson`;
CREATE TABLE IF NOT EXISTS `tlesson` (
  `id` int NOT NULL AUTO_INCREMENT,
  `tid` int NOT NULL,
  `lessonName` varchar(200) CHARACTER SET utf8 COLLATE utf8_unicode_ci NOT NULL,
  `cag` int NOT NULL,
  `tuluv` tinyint(1) NOT NULL,
  PRIMARY KEY (`id`)
) ENGINE=InnoDB AUTO_INCREMENT=7 DEFAULT CHARSET=utf8mb3 COLLATE=utf8_unicode_ci;

--
-- Dumping data for table `tlesson`
--

INSERT INTO `tlesson` (`id`, `tid`, `lessonName`, `cag`, `tuluv`) VALUES
(1, 1, 'Програмчлалын хэл Си', 36, 0),
(2, 1, 'Мультимедиа технологи ашиглах', 72, 0),
(3, 1, 'Алгоритм', 1, 1),
(4, 1, 'Виндоус програмчлал', 36, 1),
(5, 2, 'Авто', 120, 1),
(6, 2, 'Хөдөлгүүр', 10, 1);
COMMIT;

/*!40101 SET CHARACTER_SET_CLIENT=@OLD_CHARACTER_SET_CLIENT */;
/*!40101 SET CHARACTER_SET_RESULTS=@OLD_CHARACTER_SET_RESULTS */;
/*!40101 SET COLLATION_CONNECTION=@OLD_COLLATION_CONNECTION */;
